folder,path,verdict,reason,forced,windows,windows_used,intent_windows,no_intent_windows,votes_keep,votes_swap,early_swap_triggered,early_keep_bonus,skipped_no_battle_start,skipped_missing_bases,skipped_bad_scan
20230929001213-ummm-bn6-vs-DthKrdMnSP-round1-p1,data/dataset/20230929001213-ummm-bn6-vs-DthKrdMnSP-round1-p1/actions.jsonl,keep,votes_keep_win(2vs0),,5,3,0,5,2,0,0,1,1,0,1
20230929001213-ummm-bn6-vs-IndianaOrz-round1-p2,data/dataset/20230929001213-ummm-bn6-vs-IndianaOrz-round1-p2/actions.jsonl,unclear,insufficient_votes<2,,5,3,1,4,1,0,0,0,1,0,1
20230929001326-ummm-bn6-vs-DthKrdMnSP-round2-p1,data/dataset/20230929001326-ummm-bn6-vs-DthKrdMnSP-round2-p1/actions.jsonl,swap,votes_swap_win(2vs0),,4,2,1,3,0,2,0,0,1,0,1
20230929001326-ummm-bn6-vs-IndianaOrz-round2-p2,data/dataset/20230929001326-ummm-bn6-vs-IndianaOrz-round2-p2/actions.jsonl,keep,votes_keep_win(2vs0),,4,2,0,4,2,0,0,1,1,0,1
20230929004225-ummm-bn6-vs-DthKrdMnSP-round1-p1,data/dataset/20230929004225-ummm-bn6-vs-DthKrdMnSP-round1-p1/actions.jsonl,keep,votes_keep_win(4vs0),,7,6,0,7,4,0,0,2,1,0,0
20230929004225-ummm-bn6-vs-IndianaOrz-round1-p2,data/dataset/20230929004225-ummm-bn6-vs-IndianaOrz-round1-p2/actions.jsonl,keep,votes_keep_win(2vs0),,7,6,2,5,2,0,0,0,1,0,0
20230929004739-ummm-bn6-vs-DthKrdMnSP-round2-p1,data/dataset/20230929004739-ummm-bn6-vs-DthKrdMnSP-round2-p1/actions.jsonl,keep,votes_keep_win(2vs0),,5,4,0,5,2,0,0,1,1,0,0
20230929004740-ummm-bn6-vs-IndianaOrz-round2-p2,data/dataset/20230929004740-ummm-bn6-vs-IndianaOrz-round2-p2/actions.jsonl,unclear,insufficient_votes<2,,5,4,1,4,1,0,0,0,1,0,0
20230929005054-ummm-bn6-vs-DthKrdMnSP-round3-p2,data/dataset/20230929005054-ummm-bn6-vs-DthKrdMnSP-round3-p2/actions.jsonl,keep,votes_keep_win(2vs0),,6,4,1,5,2,0,0,1,1,0,1
20230929005054-ummm-bn6-vs-IndianaOrz-round3-p1,data/dataset/20230929005054-ummm-bn6-vs-IndianaOrz-round3-p1/actions.jsonl,unclear,insufficient_votes<2,,6,4,2,4,1,0,0,0,1,0,1
20230929005408-ummm-bn6-vs-DthKrdMnSP-round1-p2,data/dataset/20230929005408-ummm-bn6-vs-DthKrdMnSP-round1-p2/actions.jsonl,keep,votes_keep_win(2vs0),,7,6,0,7,2,0,0,1,1,0,0
20230929005408-ummm-bn6-vs-IndianaOrz-round1-p1,data/dataset/20230929005408-ummm-bn6-vs-IndianaOrz-round1-p1/actions.jsonl,swap,votes_swap_win(2vs0),,7,6,1,6,0,2,0,0,1,0,0
20230929005832-ummm-bn6-vs-DthKrdMnSP-round2-p2,data/dataset/20230929005832-ummm-bn6-vs-DthKrdMnSP-round2-p2/actions.jsonl,keep,votes_keep_win(4vs0),,6,5,0,6,4,0,0,2,1,0,0
20230929005832-ummm-bn6-vs-IndianaOrz-round2-p1,data/dataset/20230929005832-ummm-bn6-vs-IndianaOrz-round2-p1/actions.jsonl,swap,votes_swap_win(4vs0),,6,5,2,4,0,4,0,0,1,0,0
20230929010731-ummm-bn6-vs-DthKrdMnSP-round1-p2,data/dataset/20230929010731-ummm-bn6-vs-DthKrdMnSP-round1-p2/actions.jsonl,keep,votes_keep_win(4vs0),,5,4,0,5,4,0,0,2,1,0,0
20230929010732-ummm-bn6-vs-IndianaOrz-round1-p1,data/dataset/20230929010732-ummm-bn6-vs-IndianaOrz-round1-p1/actions.jsonl,swap,votes_swap_win(4vs0),,5,4,2,3,0,4,0,0,1,0,0
20230929011053-ummm-bn6-vs-DthKrdMnSP-round2-p2,data/dataset/20230929011053-ummm-bn6-vs-DthKrdMnSP-round2-p2/actions.jsonl,keep,votes_keep_win(2vs0),,5,3,0,5,2,0,0,1,1,0,1
20230929011053-ummm-bn6-vs-IndianaOrz-round2-p1,data/dataset/20230929011053-ummm-bn6-vs-IndianaOrz-round2-p1/actions.jsonl,swap,votes_swap_win(2vs0),,5,3,1,4,0,2,0,0,1,0,1
20230929012017-ummm-bn6-vs-BiohazrdMnSP-round1-p1,data/dataset/20230929012017-ummm-bn6-vs-BiohazrdMnSP-round1-p1/actions.jsonl,keep,votes_keep_win(6vs0),,8,6,0,8,6,0,0,3,1,0,1
20230929012420-ummm-bn6-vs-BiohazrdMnSP-round2-p2,data/dataset/20230929012420-ummm-bn6-vs-BiohazrdMnSP-round2-p2/actions.jsonl,keep,votes_keep_win(8vs0),,7,6,0,7,8,0,0,4,1,0,0
20230929012825-ummm-bn6-vs-BiohazrdMnSP-round3-p1,data/dataset/20230929012825-ummm-bn6-vs-BiohazrdMnSP-round3-p1/actions.jsonl,keep,votes_keep_win(6vs0),,9,7,0,9,6,0,0,3,1,0,1
20230929014832-ummm-bn6-vs-DthKrdMnSP-round1-p2,data/dataset/20230929014832-ummm-bn6-vs-DthKrdMnSP-round1-p2/actions.jsonl,keep,votes_keep_win(4vs0),,5,3,0,5,4,0,0,2,1,0,1
20230929014832-ummm-bn6-vs-IndianaOrz-round1-p1,data/dataset/20230929014832-ummm-bn6-vs-IndianaOrz-round1-p1/actions.jsonl,swap,votes_swap_win(4vs0),,5,3,2,3,0,4,0,0,1,0,1
20230929015052-ummm-bn6-vs-DthKrdMnSP-round2-p2,data/dataset/20230929015052-ummm-bn6-vs-DthKrdMnSP-round2-p2/actions.jsonl,keep,votes_keep_win(2vs0),,5,4,0,5,2,0,0,1,1,0,0
20230929015052-ummm-bn6-vs-IndianaOrz-round2-p1,data/dataset/20230929015052-ummm-bn6-vs-IndianaOrz-round2-p1/actions.jsonl,swap,votes_swap_win(2vs0),,5,4,1,4,0,2,0,0,1,0,0
20230929015821-ummm-bn6-vs-BiohazrdMnSP-round1-p1,data/dataset/20230929015821-ummm-bn6-vs-BiohazrdMnSP-round1-p1/actions.jsonl,unclear,vote_tie,,4,3,1,3,2,2,0,1,1,0,0
20230929020048-ummm-bn6-vs-BiohazrdMnSP-round2-p2,data/dataset/20230929020048-ummm-bn6-vs-BiohazrdMnSP-round2-p2/actions.jsonl,swap,votes_swap_win(4vs2),,5,4,2,3,2,4,0,1,1,0,0
20230929020344-ummm-bn6-vs-BiohazrdMnSP-round3-p1,data/dataset/20230929020344-ummm-bn6-vs-BiohazrdMnSP-round3-p1/actions.jsonl,keep,votes_keep_win(4vs3),,6,5,2,4,4,3,0,2,1,0,0
20230929020733-ummm-bn6-vs-BiohazrdMnSP-round1-p2,data/dataset/20230929020733-ummm-bn6-vs-BiohazrdMnSP-round1-p2/actions.jsonl,keep,votes_keep_win(7vs0),,8,7,2,6,7,0,0,3,1,0,0
20230929021227-ummm-bn6-vs-BiohazrdMnSP-round2-p2,data/dataset/20230929021227-ummm-bn6-vs-BiohazrdMnSP-round2-p2/actions.jsonl,keep,votes_keep_win(5vs1),,7,6,2,5,5,1,0,2,1,0,0
20230929021718-ummm-bn6-vs-BiohazrdMnSP-round1-p2,data/dataset/20230929021718-ummm-bn6-vs-BiohazrdMnSP-round1-p2/actions.jsonl,keep,votes_keep_win(4vs0),,4,3,0,4,4,0,0,2,1,0,0
20230929021937-ummm-bn6-vs-BiohazrdMnSP-round2-p2,data/dataset/20230929021937-ummm-bn6-vs-BiohazrdMnSP-round2-p2/actions.jsonl,keep,votes_keep_win(2vs1),,6,4,0,6,2,1,0,1,1,0,1
20230929022250-ummm-bn6-vs-BiohazrdMnSP-round3-p1,data/dataset/20230929022250-ummm-bn6-vs-BiohazrdMnSP-round3-p1/actions.jsonl,unclear,vote_tie,,9,6,3,6,2,2,0,1,1,0,2
20230929023209-ummm-bn6-vs-BiohazrdMnSP-round1-p2,data/dataset/20230929023209-ummm-bn6-vs-BiohazrdMnSP-round1-p2/actions.jsonl,keep,votes_keep_win(2vs0),,7,5,0,7,2,0,0,1,1,0,1
20230929023540-ummm-bn6-vs-BiohazrdMnSP-round2-p2,data/dataset/20230929023540-ummm-bn6-vs-BiohazrdMnSP-round2-p2/actions.jsonl,keep,votes_keep_win(2vs0),,4,3,0,4,2,0,0,1,1,0,0
20230929023813-ummm-bn6-vs-BiohazrdMnSP-round1-p2,data/dataset/20230929023813-ummm-bn6-vs-BiohazrdMnSP-round1-p2/actions.jsonl,keep,votes_keep_win(6vs0),,8,4,1,7,6,0,0,3,1,0,3
20230929024105-ummm-bn6-vs-BiohazrdMnSP-round2-p2,data/dataset/20230929024105-ummm-bn6-vs-BiohazrdMnSP-round2-p2/actions.jsonl,keep,votes_keep_win(2vs1),,6,4,1,5,2,1,0,1,1,0,1
20230929024438-ummm-bn6-vs-BiohazrdMnSP-round1-p2,data/dataset/20230929024438-ummm-bn6-vs-BiohazrdMnSP-round1-p2/actions.jsonl,keep,votes_keep_win(4vs0),,5,4,1,4,4,0,0,2,1,0,0
20230929024752-ummm-bn6-vs-BiohazrdMnSP-round2-p2,data/dataset/20230929024752-ummm-bn6-vs-BiohazrdMnSP-round2-p2/actions.jsonl,keep,votes_keep_win(8vs0),,6,5,0,6,8,0,0,4,1,0,0
20230929025233-ummm-bn6-vs-DthKrdMnSP-round1-p1,data/dataset/20230929025233-ummm-bn6-vs-DthKrdMnSP-round1-p1/actions.jsonl,keep,votes_keep_win(6vs0),,5,4,0,5,6,0,0,3,1,0,0
20230929025233-ummm-bn6-vs-IndianaOrz-round1-p2,data/dataset/20230929025233-ummm-bn6-vs-IndianaOrz-round1-p2/actions.jsonl,keep,votes_keep_win(2vs1),,5,4,3,2,2,1,0,0,1,0,0
20230929025517-ummm-bn6-vs-DthKrdMnSP-round2-p2,data/dataset/20230929025517-ummm-bn6-vs-DthKrdMnSP-round2-p2/actions.jsonl,keep,votes_keep_win(2vs0),,4,3,0,4,2,0,0,1,1,0,0
20230929025517-ummm-bn6-vs-IndianaOrz-round2-p1,data/dataset/20230929025517-ummm-bn6-vs-IndianaOrz-round2-p1/actions.jsonl,swap,votes_swap_win(2vs0),,4,3,1,3,0,2,0,0,1,0,0
20230929035201-ummm-bn6-vs-DthKrdMnSP-round1-p2,data/dataset/20230929035201-ummm-bn6-vs-DthKrdMnSP-round1-p2/actions.jsonl,keep,votes_keep_win(2vs0),,3,2,0,3,2,0,0,1,1,0,0
20230929035201-ummm-bn6-vs-IndianaOrz-round1-p1,data/dataset/20230929035201-ummm-bn6-vs-IndianaOrz-round1-p1/actions.jsonl,swap,votes_swap_win(2vs0),,3,2,1,2,0,2,0,0,1,0,0
20230929035359-ummm-bn6-vs-DthKrdMnSP-round2-p2,data/dataset/20230929035359-ummm-bn6-vs-DthKrdMnSP-round2-p2/actions.jsonl,keep,votes_keep_win(4vs0),,6,4,0,6,4,0,0,2,1,0,1
20230929035359-ummm-bn6-vs-IndianaOrz-round2-p1,data/dataset/20230929035359-ummm-bn6-vs-IndianaOrz-round2-p1/actions.jsonl,swap,votes_swap_win(4vs0),,6,4,2,4,0,4,0,0,1,0,1
20230929040011-ummm-bn6-vs-DthKrdMnSP-round1-p1,data/dataset/20230929040011-ummm-bn6-vs-DthKrdMnSP-round1-p1/actions.jsonl,keep,votes_keep_win(2vs0),,5,4,0,5,2,0,0,1,1,0,0
20230929040011-ummm-bn6-vs-IndianaOrz-round1-p2,data/dataset/20230929040011-ummm-bn6-vs-IndianaOrz-round1-p2/actions.jsonl,unclear,insufficient_votes<2,,5,4,2,3,1,0,0,0,1,0,0
20230929040359-ummm-bn6-vs-DthKrdMnSP-round2-p2,data/dataset/20230929040359-ummm-bn6-vs-DthKrdMnSP-round2-p2/actions.jsonl,keep,votes_keep_win(4vs0),,4,3,0,4,4,0,0,2,1,0,0
20230929040359-ummm-bn6-vs-IndianaOrz-round2-p1,data/dataset/20230929040359-ummm-bn6-vs-IndianaOrz-round2-p1/actions.jsonl,swap,votes_swap_win(2vs0),,4,3,2,2,0,2,0,0,1,0,0
20230929040830-ummm-bn6-vs-BiohazrdMnSP-round1-p2,data/dataset/20230929040830-ummm-bn6-vs-BiohazrdMnSP-round1-p2/actions.jsonl,unclear,vote_tie,,5,4,2,3,2,2,0,1,1,0,0
20230929041258-ummm-bn6-vs-BiohazrdMnSP-round2-p1,data/dataset/20230929041258-ummm-bn6-vs-BiohazrdMnSP-round2-p1/actions.jsonl,keep,votes_keep_win(4vs2),,6,4,1,5,4,2,0,2,1,0,1
20230929041708-ummm-bn6-vs-BiohazrdMnSP-round3-p2,data/dataset/20230929041708-ummm-bn6-vs-BiohazrdMnSP-round3-p2/actions.jsonl,keep,votes_keep_win(2vs0),,6,5,2,4,2,0,0,1,1,0,0
20231006010702-lunazoe-bn6-vs-IndianaOrz-round1-p1,data/dataset/20231006010702-lunazoe-bn6-vs-IndianaOrz-round1-p1/actions.jsonl,swap,votes_swap_win(4vs2),,4,3,2,2,2,4,0,1,1,0,0
20231006010703-lunazoe-bn6-vs-DthKrdMnSP-round1-p2,data/dataset/20231006010703-lunazoe-bn6-vs-DthKrdMnSP-round1-p2/actions.jsonl,keep,votes_keep_win(3vs0),,4,3,2,2,3,0,0,1,1,0,0
20231006011012-lunazoe-bn6-vs-IndianaOrz-round2-p1,data/dataset/20231006011012-lunazoe-bn6-vs-IndianaOrz-round2-p1/actions.jsonl,swap,votes_swap_win(3vs0),,5,4,2,3,0,3,0,0,1,0,0
20231006011014-lunazoe-bn6-vs-DthKrdMnSP-round2-p2,data/dataset/20231006011014-lunazoe-bn6-vs-DthKrdMnSP-round2-p2/actions.jsonl,unclear,insufficient_votes<2,,5,4,1,4,0,0,0,0,1,0,0
20231006011421-lunazoe-bn6-vs-DthKrdMnSP-round1-p2,data/dataset/20231006011421-lunazoe-bn6-vs-DthKrdMnSP-round1-p2/actions.jsonl,keep,votes_keep_win(2vs0),,3,2,1,2,2,0,0,1,1,0,0
20231006011421-lunazoe-bn6-vs-IndianaOrz-round1-p1,data/dataset/20231006011421-lunazoe-bn6-vs-IndianaOrz-round1-p1/actions.jsonl,swap,votes_swap_win(2vs1),,3,2,2,1,1,2,0,0,1,0,0
20231006011604-lunazoe-bn6-vs-IndianaOrz-round2-p1,data/dataset/20231006011604-lunazoe-bn6-vs-IndianaOrz-round2-p1/actions.jsonl,swap,votes_swap_win(4vs3),,7,5,3,4,3,4,0,1,1,0,1
20231006011605-lunazoe-bn6-vs-DthKrdMnSP-round2-p2,data/dataset/20231006011605-lunazoe-bn6-vs-DthKrdMnSP-round2-p2/actions.jsonl,keep,votes_keep_win(5vs0),,7,5,1,6,5,0,0,2,1,0,1
20231006012008-lunazoe-bn6-vs-DthKrdMnSP-round3-p1,data/dataset/20231006012008-lunazoe-bn6-vs-DthKrdMnSP-round3-p1/actions.jsonl,keep,votes_keep_win(5vs1),,5,4,2,3,5,1,0,2,1,0,0
20231006012008-lunazoe-bn6-vs-IndianaOrz-round3-p2,data/dataset/20231006012008-lunazoe-bn6-vs-IndianaOrz-round3-p2/actions.jsonl,keep,votes_keep_win(5vs0),,5,4,3,2,5,0,0,1,1,0,0
20231006012408-lunazoe-bn6-vs-IndianaOrz-round1-p1,data/dataset/20231006012408-lunazoe-bn6-vs-IndianaOrz-round1-p1/actions.jsonl,swap,votes_swap_win(4vs1),,5,4,3,2,1,4,0,0,1,0,0
20231006012409-lunazoe-bn6-vs-DthKrdMnSP-round1-p2,data/dataset/20231006012409-lunazoe-bn6-vs-DthKrdMnSP-round1-p2/actions.jsonl,keep,votes_keep_win(6vs0),,5,4,0,5,6,0,0,3,1,0,0
20231006012733-lunazoe-bn6-vs-IndianaOrz-round2-p1,data/dataset/20231006012733-lunazoe-bn6-vs-IndianaOrz-round2-p1/actions.jsonl,swap,votes_swap_win(4vs3),,5,4,3,2,3,4,0,1,1,0,0
20231006012734-lunazoe-bn6-vs-DthKrdMnSP-round2-p2,data/dataset/20231006012734-lunazoe-bn6-vs-DthKrdMnSP-round2-p2/actions.jsonl,keep,votes_keep_win(5vs0),,5,4,2,3,5,0,0,2,1,0,0
20231006015107-lunazoe-bn6-vs-IndianaOrz-round1-p2,data/dataset/20231006015107-lunazoe-bn6-vs-IndianaOrz-round1-p2/actions.jsonl,swap,votes_swap_win(2vs1),,3,2,2,1,1,2,0,0,1,0,0
20231006015108-lunazoe-bn6-vs-DthKrdMnSP-round1-p1,data/dataset/20231006015108-lunazoe-bn6-vs-DthKrdMnSP-round1-p1/actions.jsonl,keep,votes_keep_win(3vs0),,3,2,1,2,3,0,0,1,1,0,0
20231006015259-lunazoe-bn6-vs-IndianaOrz-round2-p1,data/dataset/20231006015259-lunazoe-bn6-vs-IndianaOrz-round2-p1/actions.jsonl,swap,votes_swap_win(4vs1),,4,3,3,1,1,4,0,0,1,0,0
20231006015300-lunazoe-bn6-vs-DthKrdMnSP-round2-p2,data/dataset/20231006015300-lunazoe-bn6-vs-DthKrdMnSP-round2-p2/actions.jsonl,keep,votes_keep_win(6vs0),,4,3,0,4,6,0,0,3,1,0,0
20231006015542-lunazoe-bn6-vs-DthKrdMnSP-round3-p1,data/dataset/20231006015542-lunazoe-bn6-vs-DthKrdMnSP-round3-p1/actions.jsonl,keep,votes_keep_win(4vs0),,5,4,1,4,4,0,0,2,1,0,0
20231006015542-lunazoe-bn6-vs-IndianaOrz-round3-p2,data/dataset/20231006015542-lunazoe-bn6-vs-IndianaOrz-round3-p2/actions.jsonl,unclear,vote_tie,,5,4,2,3,1,1,0,0,1,0,0
20231006020252-lunazoe-bn6-vs-IndianaOrz-round1-p2,data/dataset/20231006020252-lunazoe-bn6-vs-IndianaOrz-round1-p2/actions.jsonl,keep,votes_keep_win(3vs2),,6,5,2,4,3,2,0,1,1,0,0
20231006020253-lunazoe-bn6-vs-DthKrdMnSP-round1-p1,data/dataset/20231006020253-lunazoe-bn6-vs-DthKrdMnSP-round1-p1/actions.jsonl,keep,votes_keep_win(5vs0),,6,5,1,5,5,0,0,2,1,0,0
20231006020605-lunazoe-bn6-vs-DthKrdMnSP-round2-p2,data/dataset/20231006020605-lunazoe-bn6-vs-DthKrdMnSP-round2-p2/actions.jsonl,keep,votes_keep_win(6vs0),,5,4,0,5,6,0,0,3,1,0,0
20231006020605-lunazoe-bn6-vs-IndianaOrz-round2-p1,data/dataset/20231006020605-lunazoe-bn6-vs-IndianaOrz-round2-p1/actions.jsonl,swap,votes_swap_win(6vs0),,5,4,3,2,0,6,0,0,1,0,0
20231006020854-lunazoe-bn6-vs-IndianaOrz-round3-p2,data/dataset/20231006020854-lunazoe-bn6-vs-IndianaOrz-round3-p2/actions.jsonl,swap,votes_swap_win(4vs0),,5,4,2,3,0,4,0,0,1,0,0
20231006020855-lunazoe-bn6-vs-DthKrdMnSP-round3-p1,data/dataset/20231006020855-lunazoe-bn6-vs-DthKrdMnSP-round3-p1/actions.jsonl,keep,votes_keep_win(4vs0),,5,4,0,5,4,0,0,2,1,0,0
20231006021343-lunazoeshelbz-bn6-vs-BiohazrdMnSP-round1-p2,data/dataset/20231006021343-lunazoeshelbz-bn6-vs-BiohazrdMnSP-round1-p2/actions.jsonl,keep,votes_keep_win(2vs0),,8,7,2,6,2,0,0,1,1,0,0
20231006021938-lunazoeshelbz-bn6-vs-BiohazrdMnSP-round2-p1,data/dataset/20231006021938-lunazoeshelbz-bn6-vs-BiohazrdMnSP-round2-p1/actions.jsonl,unclear,vote_tie,,5,4,2,3,2,2,0,1,1,0,0
20231006022302-lunazoeshelbz-bn6-vs-BiohazrdMnSP-round3-p2,data/dataset/20231006022302-lunazoeshelbz-bn6-vs-BiohazrdMnSP-round3-p2/actions.jsonl,swap,votes_swap_win(4vs1),,4,3,3,1,1,4,0,0,1,0,0
20231006022649-lunazoeshelbz-bn6-vs-BiohazrdMnSP-round1-p2,data/dataset/20231006022649-lunazoeshelbz-bn6-vs-BiohazrdMnSP-round1-p2/actions.jsonl,keep,votes_keep_win(5vs0),,6,5,2,4,5,0,0,2,1,0,0
20231006023131-lunazoeshelbz-bn6-vs-BiohazrdMnSP-round2-p2,data/dataset/20231006023131-lunazoeshelbz-bn6-vs-BiohazrdMnSP-round2-p2/actions.jsonl,keep,votes_keep_win(4vs0),,6,5,1,5,4,0,0,2,1,0,0
20231006023650-lunazoeshelbz-bn6-vs-BiohazrdMnSP-round1-p2,data/dataset/20231006023650-lunazoeshelbz-bn6-vs-BiohazrdMnSP-round1-p2/actions.jsonl,keep,votes_keep_win(4vs0),,4,3,0,4,4,0,0,2,1,0,0
20231006023901-lunazoeshelbz-bn6-vs-BiohazrdMnSP-round2-p2,data/dataset/20231006023901-lunazoeshelbz-bn6-vs-BiohazrdMnSP-round2-p2/actions.jsonl,keep,votes_keep_win(4vs0),,4,3,0,4,4,0,0,2,1,0,0
20231006024124-lunazoeshelbz-bn6-vs-BiohazrdMnSP-round1-p1,data/dataset/20231006024124-lunazoeshelbz-bn6-vs-BiohazrdMnSP-round1-p1/actions.jsonl,keep,votes_keep_win(2vs0),,4,3,0,4,2,0,0,1,1,0,0
20231006024326-lunazoeshelbz-bn6-vs-BiohazrdMnSP-round2-p2,data/dataset/20231006024326-lunazoeshelbz-bn6-vs-BiohazrdMnSP-round2-p2/actions.jsonl,keep,votes_keep_win(4vs0),,5,4,0,5,4,0,0,2,1,0,0
20231006024850-lunazoeshelbz-bn6-vs-BiohazrdMnSP-round1-p1,data/dataset/20231006024850-lunazoeshelbz-bn6-vs-BiohazrdMnSP-round1-p1/actions.jsonl,keep,votes_keep_win(6vs0),,7,6,0,7,6,0,0,3,1,0,0
20231006025312-lunazoeshelbz-bn6-vs-BiohazrdMnSP-round2-p2,data/dataset/20231006025312-lunazoeshelbz-bn6-vs-BiohazrdMnSP-round2-p2/actions.jsonl,keep,votes_keep_win(4vs0),,7,5,0,7,4,0,0,2,1,0,1
20231006025909-lunazoeshelbz-bn6-vs-IndianaOrz-round1-p1,data/dataset/20231006025909-lunazoeshelbz-bn6-vs-IndianaOrz-round1-p1/actions.jsonl,swap,votes_swap_win(2vs0),,5,4,1,4,0,2,0,0,1,0,0
20231006025910-lunazoeshelbz-bn6-vs-DthKrdMnSP-round1-p2,data/dataset/20231006025910-lunazoeshelbz-bn6-vs-DthKrdMnSP-round1-p2/actions.jsonl,keep,votes_keep_win(2vs0),,5,4,0,5,2,0,0,1,1,0,0
20231006030146-lunazoeshelbz-bn6-vs-IndianaOrz-round2-p2,data/dataset/20231006030146-lunazoeshelbz-bn6-vs-IndianaOrz-round2-p2/actions.jsonl,swap,votes_swap_win(2vs0),,5,3,1,4,0,2,0,0,1,0,1
20231006030147-lunazoeshelbz-bn6-vs-DthKrdMnSP-round2-p1,data/dataset/20231006030147-lunazoeshelbz-bn6-vs-DthKrdMnSP-round2-p1/actions.jsonl,keep,votes_keep_win(2vs0),,5,3,0,5,2,0,0,1,1,0,1
20231006030440-lunazoeshelbz-bn6-vs-IndianaOrz-round1-p2,data/dataset/20231006030440-lunazoeshelbz-bn6-vs-IndianaOrz-round1-p2/actions.jsonl,swap,votes_swap_win(4vs0),,5,3,2,3,0,4,0,0,1,0,1
20231006030441-lunazoeshelbz-bn6-vs-DthKrdMnSP-round1-p1,data/dataset/20231006030441-lunazoeshelbz-bn6-vs-DthKrdMnSP-round1-p1/actions.jsonl,keep,votes_keep_win(4vs0),,5,3,0,5,4,0,0,2,1,0,1
20231006030645-lunazoeshelbz-bn6-vs-IndianaOrz-round2-p2,data/dataset/20231006030645-lunazoeshelbz-bn6-vs-IndianaOrz-round2-p2/actions.jsonl,swap,votes_swap_win(2vs1),,4,3,2,2,1,2,0,0,1,0,0
20231006030646-lunazoeshelbz-bn6-vs-DthKrdMnSP-round2-p1,data/dataset/20231006030646-lunazoeshelbz-bn6-vs-DthKrdMnSP-round2-p1/actions.jsonl,keep,votes_keep_win(4vs0),,4,3,0,4,4,0,0,2,1,0,0
20231006030850-lunazoeshelbz-bn6-vs-DthKrdMnSP-round3-p2,data/dataset/20231006030850-lunazoeshelbz-bn6-vs-DthKrdMnSP-round3-p2/actions.jsonl,keep,votes_keep_win(4vs0),,4,3,0,4,4,0,0,2,1,0,0
20231006030850-lunazoeshelbz-bn6-vs-IndianaOrz-round3-p1,data/dataset/20231006030850-lunazoeshelbz-bn6-vs-IndianaOrz-round3-p1/actions.jsonl,swap,votes_swap_win(2vs1),,4,3,2,2,1,2,0,0,1,0,0
20231006031227-lunazoeshelbz-bn6-vs-BiohazrdMnSP-round1-p1,data/dataset/20231006031227-lunazoeshelbz-bn6-vs-BiohazrdMnSP-round1-p1/actions.jsonl,keep,votes_keep_win(3vs2),,5,4,2,3,3,2,0,1,1,0,0
20231006031548-lunazoeshelbz-bn6-vs-BiohazrdMnSP-round2-p1,data/dataset/20231006031548-lunazoeshelbz-bn6-vs-BiohazrdMnSP-round2-p1/actions.jsonl,keep,votes_keep_win(4vs2),,6,5,2,4,4,2,0,2,1,0,0
20231006031918-lunazoeshelbz-bn6-vs-BiohazrdMnSP-round3-p2,data/dataset/20231006031918-lunazoeshelbz-bn6-vs-BiohazrdMnSP-round3-p2/actions.jsonl,unclear,insufficient_votes<2,,5,4,3,2,1,0,0,0,1,0,0
20231006032406-lunazoeshelbz-bn6-vs-BiohazrdMnSP-round1-p2,data/dataset/20231006032406-lunazoeshelbz-bn6-vs-BiohazrdMnSP-round1-p2/actions.jsonl,unclear,insufficient_votes<2,,1,0,1,0,0,0,0,0,1,0,0
20231006032501-lunazoeshelbz-bn6-vs-BiohazrdMnSP-round1-p1,data/dataset/20231006032501-lunazoeshelbz-bn6-vs-BiohazrdMnSP-round1-p1/actions.jsonl,unclear,vote_tie,,6,5,2,4,4,4,0,2,1,0,0
20231006032857-lunazoeshelbz-bn6-vs-BiohazrdMnSP-round2-p1,data/dataset/20231006032857-lunazoeshelbz-bn6-vs-BiohazrdMnSP-round2-p1/actions.jsonl,swap,votes_swap_win(4vs2),,4,3,2,2,2,4,0,1,1,0,0
20231006033229-lunazoeshelbz-bn6-vs-BiohazrdMnSP-round1-p1,data/dataset/20231006033229-lunazoeshelbz-bn6-vs-BiohazrdMnSP-round1-p1/actions.jsonl,swap,votes_swap_win(4vs2),,4,3,2,2,2,4,0,1,1,0,0
20231006033529-lunazoeshelbz-bn6-vs-BiohazrdMnSP-round2-p2,data/dataset/20231006033529-lunazoeshelbz-bn6-vs-BiohazrdMnSP-round2-p2/actions.jsonl,keep,votes_keep_win(3vs0),,4,3,2,2,3,0,0,1,1,0,0
20231006034146-lunazoeshelbz-bn6-vs-BiohazrdMnSP-round1-p2,data/dataset/20231006034146-lunazoeshelbz-bn6-vs-BiohazrdMnSP-round1-p2/actions.jsonl,keep,votes_keep_win(2vs0),,4,3,1,3,2,0,0,1,1,0,0
20231006034443-lunazoeshelbz-bn6-vs-BiohazrdMnSP-round2-p1,data/dataset/20231006034443-lunazoeshelbz-bn6-vs-BiohazrdMnSP-round2-p1/actions.jsonl,unclear,vote_tie,,5,4,1,4,2,2,0,1,1,0,0
20231006034813-lunazoeshelbz-bn6-vs-BiohazrdMnSP-round3-p2,data/dataset/20231006034813-lunazoeshelbz-bn6-vs-BiohazrdMnSP-round3-p2/actions.jsonl,keep,votes_keep_win(2vs0),,4,3,2,2,2,0,0,1,1,0,0
20231013003736-annular-bn6-vs-DthKrdMnSP-round1-p1,data/dataset/20231013003736-annular-bn6-vs-DthKrdMnSP-round1-p1/actions.jsonl,keep,votes_keep_win(4vs2),,5,4,1,4,4,2,0,2,1,0,0
20231013003736-annular-bn6-vs-IndianaOrz-round1-p2,data/dataset/20231013003736-annular-bn6-vs-IndianaOrz-round1-p2/actions.jsonl,keep,votes_keep_win(2vs0),,5,4,3,2,2,0,0,0,1,0,0
20231013004114-annular-bn6-vs-DthKrdMnSP-round2-p1,data/dataset/20231013004114-annular-bn6-vs-DthKrdMnSP-round2-p1/actions.jsonl,swap,votes_swap_win(4vs2),,6,5,2,4,2,4,0,1,1,0,0
20231013004114-annular-bn6-vs-IndianaOrz-round2-p2,data/dataset/20231013004114-annular-bn6-vs-IndianaOrz-round2-p2/actions.jsonl,keep,votes_keep_win(3vs0),,6,5,3,3,3,0,0,1,1,0,0
20231013004621-annular-bn6-vs-DthKrdMnSP-round1-p1,data/dataset/20231013004621-annular-bn6-vs-DthKrdMnSP-round1-p1/actions.jsonl,unclear,vote_tie,,9,8,1,8,2,2,0,1,1,0,0
20231013004621-annular-bn6-vs-IndianaOrz-round1-p2,data/dataset/20231013004621-annular-bn6-vs-IndianaOrz-round1-p2/actions.jsonl,unclear,insufficient_votes<2,,9,8,1,8,0,1,0,0,1,0,0
20231013005323-annular-bn6-vs-DthKrdMnSP-round2-p1,data/dataset/20231013005323-annular-bn6-vs-DthKrdMnSP-round2-p1/actions.jsonl,swap,votes_swap_win(2vs0),,6,5,1,5,0,2,0,0,1,0,0
20231013005323-annular-bn6-vs-IndianaOrz-round2-p2,data/dataset/20231013005323-annular-bn6-vs-IndianaOrz-round2-p2/actions.jsonl,unclear,insufficient_votes<2,,6,5,2,4,0,0,0,0,1,0,0
20231013010720-annular-bn6-vs-DthKrdMnSP-round1-p2,data/dataset/20231013010720-annular-bn6-vs-DthKrdMnSP-round1-p2/actions.jsonl,keep,votes_keep_win(4vs0),,8,7,1,7,4,0,0,2,1,0,0
20231013010720-annular-bn6-vs-IndianaOrz-round1-p1,data/dataset/20231013010720-annular-bn6-vs-IndianaOrz-round1-p1/actions.jsonl,swap,votes_swap_win(7vs0),,8,7,5,3,0,7,0,0,1,0,0
20231013011506-annular-bn6-vs-DthKrdMnSP-round2-p1,data/dataset/20231013011506-annular-bn6-vs-DthKrdMnSP-round2-p1/actions.jsonl,keep,votes_keep_win(3vs2),,8,7,2,6,3,2,0,1,1,0,0
20231013011506-annular-bn6-vs-IndianaOrz-round2-p2,data/dataset/20231013011506-annular-bn6-vs-IndianaOrz-round2-p2/actions.jsonl,keep,votes_keep_win(3vs0),,8,7,2,6,3,0,0,1,1,0,0
20231013012355-annular-bn6-vs-DthKrdMnSP-round1-p1,data/dataset/20231013012355-annular-bn6-vs-DthKrdMnSP-round1-p1/actions.jsonl,swap,votes_swap_win(4vs2),,5,4,2,3,2,4,0,1,1,0,0
20231013012355-annular-bn6-vs-IndianaOrz-round1-p2,data/dataset/20231013012355-annular-bn6-vs-IndianaOrz-round1-p2/actions.jsonl,keep,votes_keep_win(2vs1),,5,4,1,4,2,1,0,1,1,0,0
20231013012725-annular-bn6-vs-IndianaOrz-round2-p2,data/dataset/20231013012725-annular-bn6-vs-IndianaOrz-round2-p2/actions.jsonl,swap,votes_swap_win(4vs2),,5,4,2,3,2,4,0,1,1,0,0
20231013012726-annular-bn6-vs-DthKrdMnSP-round2-p1,data/dataset/20231013012726-annular-bn6-vs-DthKrdMnSP-round2-p1/actions.jsonl,swap,votes_swap_win(5vs0),,5,4,3,2,0,5,0,0,1,0,0
20231013013155-annular-bn6-vs-DthKrdMnSP-round3-p2,data/dataset/20231013013155-annular-bn6-vs-DthKrdMnSP-round3-p2/actions.jsonl,unclear,insufficient_votes<2,,5,4,1,4,0,0,0,0,1,0,0
20231013013155-annular-bn6-vs-IndianaOrz-round3-p1,data/dataset/20231013013155-annular-bn6-vs-IndianaOrz-round3-p1/actions.jsonl,swap,votes_swap_win(2vs0),,5,4,1,4,0,2,0,0,1,0,0
20231013014618-annular-bn6-vs-BiohazrdMnSP-round1-p1,data/dataset/20231013014618-annular-bn6-vs-BiohazrdMnSP-round1-p1/actions.jsonl,swap,votes_swap_win(2vs0),,2,1,1,1,0,2,0,0,1,0,0
20231013015431-annular-bn6-vs-BiohazrdMnSP-round1-p1,data/dataset/20231013015431-annular-bn6-vs-BiohazrdMnSP-round1-p1/actions.jsonl,keep,votes_keep_win(4vs2),,7,6,2,5,4,2,0,2,1,0,0
20231013020033-annular-bn6-vs-BiohazrdMnSP-round2-p1,data/dataset/20231013020033-annular-bn6-vs-BiohazrdMnSP-round2-p1/actions.jsonl,keep,votes_keep_win(7vs2),,6,5,2,4,7,2,0,3,1,0,0
20231013020518-annular-bn6-vs-BiohazrdMnSP-round1-p2,data/dataset/20231013020518-annular-bn6-vs-BiohazrdMnSP-round1-p2/actions.jsonl,keep,votes_keep_win(4vs0),,6,4,2,4,4,0,0,2,1,0,1
20231013020948-annular-bn6-vs-BiohazrdMnSP-round2-p1,data/dataset/20231013020948-annular-bn6-vs-BiohazrdMnSP-round2-p1/actions.jsonl,keep,votes_keep_win(6vs1),,10,8,3,7,6,1,0,3,1,0,1
20231013021636-annular-bn6-vs-BiohazrdMnSP-round3-p2,data/dataset/20231013021636-annular-bn6-vs-BiohazrdMnSP-round3-p2/actions.jsonl,unclear,insufficient_votes<2,,4,3,1,3,0,0,0,0,1,0,0
20231013022039-annular-bn6-vs-BiohazrdMnSP-round1-p2,data/dataset/20231013022039-annular-bn6-vs-BiohazrdMnSP-round1-p2/actions.jsonl,swap,votes_swap_win(4vs0),,4,3,2,2,0,4,0,0,1,0,0
20231013022351-annular-bn6-vs-BiohazrdMnSP-round2-p2,data/dataset/20231013022351-annular-bn6-vs-BiohazrdMnSP-round2-p2/actions.jsonl,keep,votes_keep_win(4vs2),,5,4,1,4,4,2,0,2,1,0,0
20231013022743-annular-bn6-vs-BiohazrdMnSP-round3-p1,data/dataset/20231013022743-annular-bn6-vs-BiohazrdMnSP-round3-p1/actions.jsonl,swap,votes_swap_win(6vs4),,7,6,3,4,4,6,0,2,1,0,0
20231013023524-annular-bn6-vs-BiohazrdMnSP-round1-p2,data/dataset/20231013023524-annular-bn6-vs-BiohazrdMnSP-round1-p2/actions.jsonl,keep,votes_keep_win(5vs0),,5,4,1,4,5,0,0,2,1,0,0
20231013023859-annular-bn6-vs-BiohazrdMnSP-round2-p2,data/dataset/20231013023859-annular-bn6-vs-BiohazrdMnSP-round2-p2/actions.jsonl,keep,votes_keep_win(3vs1),,5,4,3,2,3,1,0,1,1,0,0
20231013025006-annular-bn6-vs-BiohazrdMnSP-round1-p1,data/dataset/20231013025006-annular-bn6-vs-BiohazrdMnSP-round1-p1/actions.jsonl,swap,votes_swap_win(7vs4),,8,7,4,4,4,7,0,2,1,0,0
20231013025521-annular-bn6-vs-BiohazrdMnSP-round2-p2,data/dataset/20231013025521-annular-bn6-vs-BiohazrdMnSP-round2-p2/actions.jsonl,keep,votes_keep_win(4vs1),,9,8,4,5,4,1,0,1,1,0,0
20231013030401-annular-bn6-vs-BiohazrdMnSP-round1-p1,data/dataset/20231013030401-annular-bn6-vs-BiohazrdMnSP-round1-p1/actions.jsonl,keep,votes_keep_win(5vs4),,8,7,3,5,5,4,0,2,1,0,0
20231013030933-annular-bn6-vs-BiohazrdMnSP-round2-p1,data/dataset/20231013030933-annular-bn6-vs-BiohazrdMnSP-round2-p1/actions.jsonl,unclear,vote_tie,,6,5,2,4,4,4,0,2,1,0,0
20231013031305-annular-bn6-vs-BiohazrdMnSP-round3-p2,data/dataset/20231013031305-annular-bn6-vs-BiohazrdMnSP-round3-p2/actions.jsonl,keep,votes_keep_win(4vs3),,9,7,3,6,4,3,0,2,1,0,1
20231013032013-annular-bn6-vs-BiohazrdMnSP-round1-p2,data/dataset/20231013032013-annular-bn6-vs-BiohazrdMnSP-round1-p2/actions.jsonl,unclear,insufficient_votes<2,,4,3,2,2,1,0,0,0,1,0,0
20231013032344-annular-bn6-vs-BiohazrdMnSP-round2-p1,data/dataset/20231013032344-annular-bn6-vs-BiohazrdMnSP-round2-p1/actions.jsonl,unclear,vote_tie,,5,3,2,3,2,2,0,1,1,0,1
20231013032641-annular-bn6-vs-BiohazrdMnSP-round3-p2,data/dataset/20231013032641-annular-bn6-vs-BiohazrdMnSP-round3-p2/actions.jsonl,swap,votes_swap_win(2vs0),,5,4,2,3,0,2,0,0,1,0,0
20231013033101-annular-bn6-vs-BiohazrdMnSP-round1-p2,data/dataset/20231013033101-annular-bn6-vs-BiohazrdMnSP-round1-p2/actions.jsonl,keep,votes_keep_win(4vs0),,4,3,1,3,4,0,0,2,1,0,0
20231013033357-annular-bn6-vs-BiohazrdMnSP-round2-p1,data/dataset/20231013033357-annular-bn6-vs-BiohazrdMnSP-round2-p1/actions.jsonl,keep,votes_keep_win(3vs2),,4,3,2,2,3,2,0,1,1,0,0
20231013033651-annular-bn6-vs-BiohazrdMnSP-round3-p2,data/dataset/20231013033651-annular-bn6-vs-BiohazrdMnSP-round3-p2/actions.jsonl,keep,votes_keep_win(7vs1),,9,8,3,6,7,1,0,3,1,0,0
20231013034446-annular-bn6-vs-BiohazrdMnSP-round1-p1,data/dataset/20231013034446-annular-bn6-vs-BiohazrdMnSP-round1-p1/actions.jsonl,swap,votes_swap_win(6vs2),,7,5,3,4,2,6,0,1,1,0,1
20231013034941-annular-bn6-vs-BiohazrdMnSP-round2-p2,data/dataset/20231013034941-annular-bn6-vs-BiohazrdMnSP-round2-p2/actions.jsonl,keep,votes_keep_win(3vs0),,8,5,3,5,3,0,0,1,1,0,2
20231013035510-annular-bn6-vs-BiohazrdMnSP-round1-p2,data/dataset/20231013035510-annular-bn6-vs-BiohazrdMnSP-round1-p2/actions.jsonl,keep,votes_keep_win(2vs1),,7,6,1,6,2,1,0,1,1,0,0
20231013035926-annular-bn6-vs-BiohazrdMnSP-round2-p2,data/dataset/20231013035926-annular-bn6-vs-BiohazrdMnSP-round2-p2/actions.jsonl,keep,votes_keep_win(4vs0),,6,5,1,5,4,0,0,2,1,0,0
20231020011821-watsonx-bn6-vs-DthKrdMnSP-round1-p1,data/dataset/20231020011821-watsonx-bn6-vs-DthKrdMnSP-round1-p1/actions.jsonl,unclear,vote_tie,,8,7,2,6,2,2,0,1,1,0,0
20231020011821-watsonx-bn6-vs-IndianaOrz-round1-p2,data/dataset/20231020011821-watsonx-bn6-vs-IndianaOrz-round1-p2/actions.jsonl,unclear,insufficient_votes<2,,8,7,2,6,1,0,0,0,1,0,0
20231020012615-watsonx-bn6-vs-DthKrdMnSP-round2-p1,data/dataset/20231020012615-watsonx-bn6-vs-DthKrdMnSP-round2-p1/actions.jsonl,swap,votes_swap_win(2vs1),,8,7,2,6,1,2,0,0,1,0,0
20231020012615-watsonx-bn6-vs-IndianaOrz-round2-p2,data/dataset/20231020012615-watsonx-bn6-vs-IndianaOrz-round2-p2/actions.jsonl,keep,votes_keep_win(2vs0),,8,7,1,7,2,0,0,1,1,0,0
20231020013333-watsonx-bn6-vs-DthKrdMnSP-round1-p1,data/dataset/20231020013333-watsonx-bn6-vs-DthKrdMnSP-round1-p1/actions.jsonl,swap,votes_swap_win(4vs2),,8,7,2,6,2,4,0,1,1,0,0
20231020013333-watsonx-bn6-vs-IndianaOrz-round1-p2,data/dataset/20231020013333-watsonx-bn6-vs-IndianaOrz-round1-p2/actions.jsonl,unclear,insufficient_votes<2,,8,7,3,5,1,0,0,0,1,0,0
20231020013928-watsonx-bn6-vs-DthKrdMnSP-round2-p1,data/dataset/20231020013928-watsonx-bn6-vs-DthKrdMnSP-round2-p1/actions.jsonl,swap,votes_swap_win(4vs2),,5,4,2,3,2,4,0,1,1,0,0
20231020013928-watsonx-bn6-vs-IndianaOrz-round2-p2,data/dataset/20231020013928-watsonx-bn6-vs-IndianaOrz-round2-p2/actions.jsonl,keep,votes_keep_win(3vs0),,5,4,2,3,3,0,0,1,1,0,0
20231020014512-watsonx-bn6-vs-DthKrdMnSP-round1-p2,data/dataset/20231020014512-watsonx-bn6-vs-DthKrdMnSP-round1-p2/actions.jsonl,keep,votes_keep_win(8vs2),,8,7,4,4,8,2,0,3,1,0,0
20231020014512-watsonx-bn6-vs-IndianaOrz-round1-p1,data/dataset/20231020014512-watsonx-bn6-vs-IndianaOrz-round1-p1/actions.jsonl,keep,votes_keep_win(7vs2),,8,7,5,3,7,2,0,2,1,0,0
20231020015038-watsonx-bn6-vs-DthKrdMnSP-round2-p1,data/dataset/20231020015038-watsonx-bn6-vs-DthKrdMnSP-round2-p1/actions.jsonl,swap,votes_swap_win(6vs2),,7,6,3,4,2,6,0,1,1,0,0
20231020015038-watsonx-bn6-vs-IndianaOrz-round2-p2,data/dataset/20231020015038-watsonx-bn6-vs-IndianaOrz-round2-p2/actions.jsonl,keep,votes_keep_win(2vs1),,7,6,3,4,2,1,0,1,1,0,0
20231020015704-watsonx-bn6-vs-DthKrdMnSP-round1-p2,data/dataset/20231020015704-watsonx-bn6-vs-DthKrdMnSP-round1-p2/actions.jsonl,keep,votes_keep_win(7vs0),,8,7,2,6,7,0,0,3,1,0,0
20231020015704-watsonx-bn6-vs-IndianaOrz-round1-p1,data/dataset/20231020015704-watsonx-bn6-vs-IndianaOrz-round1-p1/actions.jsonl,unclear,vote_tie,,8,7,4,4,4,4,0,1,1,0,0
20231020020253-watsonx-bn6-vs-DthKrdMnSP-round2-p1,data/dataset/20231020020253-watsonx-bn6-vs-DthKrdMnSP-round2-p1/actions.jsonl,swap,votes_swap_win(3vs2),,6,5,2,4,2,3,0,1,1,0,0
20231020020253-watsonx-bn6-vs-IndianaOrz-round2-p2,data/dataset/20231020020253-watsonx-bn6-vs-IndianaOrz-round2-p2/actions.jsonl,keep,votes_keep_win(4vs0),,6,5,1,5,4,0,0,2,1,0,0
20231020021126-watsonx-bn6-vs-BiohazrdMnSP-round1-p1,data/dataset/20231020021126-watsonx-bn6-vs-BiohazrdMnSP-round1-p1/actions.jsonl,swap,votes_swap_win(7vs0),,8,6,4,4,0,7,0,0,1,0,1
20231020021627-watsonx-bn6-vs-BiohazrdMnSP-round2-p2,data/dataset/20231020021627-watsonx-bn6-vs-BiohazrdMnSP-round2-p2/actions.jsonl,keep,votes_keep_win(3vs1),,7,4,2,5,3,1,0,1,1,0,2
20231020022114-watsonx-bn6-vs-BiohazrdMnSP-round1-p1,data/dataset/20231020022114-watsonx-bn6-vs-BiohazrdMnSP-round1-p1/actions.jsonl,keep,votes_keep_win(4vs2),,5,4,2,3,4,2,0,2,1,0,0
20231020022504-watsonx-bn6-vs-BiohazrdMnSP-round2-p1,data/dataset/20231020022504-watsonx-bn6-vs-BiohazrdMnSP-round2-p1/actions.jsonl,keep,votes_keep_win(4vs3),,8,7,2,6,4,3,0,2,1,0,0
20231020023115-watsonx-bn6-vs-BiohazrdMnSP-round3-p2,data/dataset/20231020023115-watsonx-bn6-vs-BiohazrdMnSP-round3-p2/actions.jsonl,keep,votes_keep_win(3vs0),,8,7,2,6,3,0,0,1,1,0,0
20231020023722-watsonx-bn6-vs-BiohazrdMnSP-round1-p1,data/dataset/20231020023722-watsonx-bn6-vs-BiohazrdMnSP-round1-p1/actions.jsonl,swap,votes_swap_win(3vs1),,7,5,3,4,1,3,0,0,1,0,1
20231020024137-watsonx-bn6-vs-BiohazrdMnSP-round2-p1,data/dataset/20231020024137-watsonx-bn6-vs-BiohazrdMnSP-round2-p1/actions.jsonl,keep,votes_keep_win(4vs2),,5,4,1,4,4,2,0,2,1,0,0
20231020024525-watsonx-bn6-vs-BiohazrdMnSP-round1-p2,data/dataset/20231020024525-watsonx-bn6-vs-BiohazrdMnSP-round1-p2/actions.jsonl,keep,votes_keep_win(5vs0),,6,5,1,5,5,0,0,2,1,0,0
20231020024942-watsonx-bn6-vs-BiohazrdMnSP-round2-p1,data/dataset/20231020024942-watsonx-bn6-vs-BiohazrdMnSP-round2-p1/actions.jsonl,unclear,vote_tie,,8,7,2,6,4,4,0,2,1,0,0
20231020025552-watsonx-bn6-vs-BiohazrdMnSP-round3-p2,data/dataset/20231020025552-watsonx-bn6-vs-BiohazrdMnSP-round3-p2/actions.jsonl,keep,votes_keep_win(2vs0),,5,4,2,3,2,0,0,1,1,0,0
20231020025937-watsonx-bn6-vs-BiohazrdMnSP-round1-p2,data/dataset/20231020025937-watsonx-bn6-vs-BiohazrdMnSP-round1-p2/actions.jsonl,keep,votes_keep_win(4vs0),,6,5,1,5,4,0,0,2,1,0,0
20231020030435-watsonx-bn6-vs-BiohazrdMnSP-round2-p1,data/dataset/20231020030435-watsonx-bn6-vs-BiohazrdMnSP-round2-p1/actions.jsonl,swap,votes_swap_win(6vs0),,5,4,3,2,0,6,0,0,1,0,0
20231020030825-watsonx-bn6-vs-BiohazrdMnSP-round1-p1,data/dataset/20231020030825-watsonx-bn6-vs-BiohazrdMnSP-round1-p1/actions.jsonl,keep,votes_keep_win(9vs2),,10,8,2,8,9,2,0,4,1,0,1
20231020031627-watsonx-bn6-vs-BiohazrdMnSP-round2-p1,data/dataset/20231020031627-watsonx-bn6-vs-BiohazrdMnSP-round2-p1/actions.jsonl,unclear,vote_tie,,3,2,1,2,2,2,0,1,1,0,0
20231020032114-watsonx-bn6-vs-BiohazrdMnSP-round1-p2,data/dataset/20231020032114-watsonx-bn6-vs-BiohazrdMnSP-round1-p2/actions.jsonl,keep,votes_keep_win(4vs0),,4,3,1,3,4,0,0,2,1,0,0
20231020032452-watsonx-bn6-vs-BiohazrdMnSP-round2-p2,data/dataset/20231020032452-watsonx-bn6-vs-BiohazrdMnSP-round2-p2/actions.jsonl,keep,votes_keep_win(7vs1),,7,6,2,5,7,1,0,3,1,0,0
20231020033057-watsonx-bn6-vs-BiohazrdMnSP-round1-p1,data/dataset/20231020033057-watsonx-bn6-vs-BiohazrdMnSP-round1-p1/actions.jsonl,swap,votes_swap_win(5vs2),,7,6,4,3,2,5,0,1,1,0,0
20231020033618-watsonx-bn6-vs-BiohazrdMnSP-round2-p2,data/dataset/20231020033618-watsonx-bn6-vs-BiohazrdMnSP-round2-p2/actions.jsonl,keep,votes_keep_win(2vs0),,6,5,1,5,2,0,0,1,1,0,0
20231020034215-watsonx-bn6-vs-BiohazrdMnSP-round1-p2,data/dataset/20231020034215-watsonx-bn6-vs-BiohazrdMnSP-round1-p2/actions.jsonl,keep,votes_keep_win(7vs0),,7,6,2,5,7,0,0,3,1,0,0
20231020034842-watsonx-bn6-vs-BiohazrdMnSP-round2-p1,data/dataset/20231020034842-watsonx-bn6-vs-BiohazrdMnSP-round2-p1/actions.jsonl,swap,votes_swap_win(6vs4),,7,6,3,4,4,6,0,2,1,0,0
20231020035327-watsonx-bn6-vs-BiohazrdMnSP-round3-p2,data/dataset/20231020035327-watsonx-bn6-vs-BiohazrdMnSP-round3-p2/actions.jsonl,unclear,insufficient_votes<2,,4,3,2,2,0,0,0,0,1,0,0
20231020035733-watsonx-bn6-vs-BiohazrdMnSP-round1-p1,data/dataset/20231020035733-watsonx-bn6-vs-BiohazrdMnSP-round1-p1/actions.jsonl,swap,votes_swap_win(6vs1),,8,7,4,4,1,6,0,0,1,0,0
20231020040323-watsonx-bn6-vs-BiohazrdMnSP-round2-p1,data/dataset/20231020040323-watsonx-bn6-vs-BiohazrdMnSP-round2-p1/actions.jsonl,keep,votes_keep_win(6vs2),,8,7,2,6,6,2,0,3,1,0,0
20231020040951-watsonx-bn6-vs-BiohazrdMnSP-round3-p2,data/dataset/20231020040951-watsonx-bn6-vs-BiohazrdMnSP-round3-p2/actions.jsonl,keep,votes_keep_win(8vs0),,9,8,4,5,8,0,0,3,1,0,0
20231023014221-timechamber-bn6-vs-BiohazrdMnSP-round1-p1,data/dataset/20231023014221-timechamber-bn6-vs-BiohazrdMnSP-round1-p1/actions.jsonl,swap,votes_swap_win(4vs2),,6,5,2,4,2,4,0,1,1,0,0
20231023014745-timechamber-bn6-vs-BiohazrdMnSP-round2-p1,data/dataset/20231023014745-timechamber-bn6-vs-BiohazrdMnSP-round2-p1/actions.jsonl,swap,votes_swap_win(6vs4),,10,9,3,7,4,6,0,2,1,0,0
20231023015404-timechamber-bn6-vs-BiohazrdMnSP-round3-p2,data/dataset/20231023015404-timechamber-bn6-vs-BiohazrdMnSP-round3-p2/actions.jsonl,keep,votes_keep_win(4vs0),,5,4,1,4,4,0,0,2,1,0,0
20231023015741-timechamber-bn6-vs-BiohazrdMnSP-round1-p2,data/dataset/20231023015741-timechamber-bn6-vs-BiohazrdMnSP-round1-p2/actions.jsonl,keep,votes_keep_win(4vs0),,6,5,1,5,4,0,0,2,1,0,0
20231023020116-timechamber-bn6-vs-BiohazrdMnSP-round2-p1,data/dataset/20231023020116-timechamber-bn6-vs-BiohazrdMnSP-round2-p1/actions.jsonl,keep,votes_keep_win(4vs2),,5,4,1,4,4,2,0,2,1,0,0
20231023020609-timechamber-bn6-vs-BiohazrdMnSP-round1-p2,data/dataset/20231023020609-timechamber-bn6-vs-BiohazrdMnSP-round1-p2/actions.jsonl,keep,votes_keep_win(9vs0),,10,8,1,9,9,0,0,4,1,0,1
20231023021422-timechamber-bn6-vs-BiohazrdMnSP-round2-p2,data/dataset/20231023021422-timechamber-bn6-vs-BiohazrdMnSP-round2-p2/actions.jsonl,keep,votes_keep_win(2vs1),,7,5,3,4,2,1,0,1,1,0,1
20231023021937-timechamber-bn6-vs-BiohazrdMnSP-round1-p1,data/dataset/20231023021937-timechamber-bn6-vs-BiohazrdMnSP-round1-p1/actions.jsonl,keep,votes_keep_win(5vs4),,7,6,3,4,5,4,0,2,1,0,0
20231023022404-timechamber-bn6-vs-BiohazrdMnSP-round2-p1,data/dataset/20231023022404-timechamber-bn6-vs-BiohazrdMnSP-round2-p1/actions.jsonl,swap,votes_swap_win(3vs2),,6,5,2,4,2,3,0,1,1,0,0
20231023022921-timechamber-bn6-vs-BiohazrdMnSP-round3-p2,data/dataset/20231023022921-timechamber-bn6-vs-BiohazrdMnSP-round3-p2/actions.jsonl,keep,votes_keep_win(6vs2),,9,8,2,7,6,2,0,3,1,0,0
20231023023912-timechamber-bn6-vs-BiohazrdMnSP-round1-p2,data/dataset/20231023023912-timechamber-bn6-vs-BiohazrdMnSP-round1-p2/actions.jsonl,keep,votes_keep_win(3vs0),,6,5,2,4,3,0,0,1,1,0,0
20231023024234-timechamber-bn6-vs-BiohazrdMnSP-round2-p2,data/dataset/20231023024234-timechamber-bn6-vs-BiohazrdMnSP-round2-p2/actions.jsonl,unclear,insufficient_votes<2,,5,4,2,3,0,0,0,0,1,0,0
20231023024733-timechamber-bn6-vs-BiohazrdMnSP-round1-p2,data/dataset/20231023024733-timechamber-bn6-vs-BiohazrdMnSP-round1-p2/actions.jsonl,unclear,vote_tie,,5,4,1,4,2,2,0,1,1,0,0
20231023030121-timechamber-bn6-vs-BiohazrdMnSP-round2-p2,data/dataset/20231023030121-timechamber-bn6-vs-BiohazrdMnSP-round2-p2/actions.jsonl,keep,votes_keep_win(4vs1),,5,4,1,4,4,1,0,2,1,0,0
20231023030550-timechamber-bn6-vs-BiohazrdMnSP-round1-p2,data/dataset/20231023030550-timechamber-bn6-vs-BiohazrdMnSP-round1-p2/actions.jsonl,keep,votes_keep_win(7vs0),,8,7,2,6,7,0,0,3,1,0,0
20231023031124-timechamber-bn6-vs-BiohazrdMnSP-round2-p1,data/dataset/20231023031124-timechamber-bn6-vs-BiohazrdMnSP-round2-p1/actions.jsonl,keep,votes_keep_win(10vs4),,11,9,3,8,10,4,0,5,1,0,1
20231023035132-timechamber-bn6-vs-BiohazrdMnSP-round1-p2,data/dataset/20231023035132-timechamber-bn6-vs-BiohazrdMnSP-round1-p2/actions.jsonl,unclear,insufficient_votes<2,,6,4,1,5,0,1,0,0,1,0,1
20231023035437-timechamber-bn6-vs-BiohazrdMnSP-round2-p1,data/dataset/20231023035437-timechamber-bn6-vs-BiohazrdMnSP-round2-p1/actions.jsonl,unclear,vote_tie,,4,3,1,3,2,2,0,1,1,0,0
20231023040156-timechamber-bn6-vs-BiohazrdMnSP-round1-p1,data/dataset/20231023040156-timechamber-bn6-vs-BiohazrdMnSP-round1-p1/actions.jsonl,swap,votes_swap_win(4vs0),,5,4,2,3,0,4,0,0,1,0,0
20231023040532-timechamber-bn6-vs-BiohazrdMnSP-round2-p1,data/dataset/20231023040532-timechamber-bn6-vs-BiohazrdMnSP-round2-p1/actions.jsonl,unclear,vote_tie,,6,5,1,5,2,2,0,1,1,0,0
20231023040938-timechamber-bn6-vs-BiohazrdMnSP-round3-p2,data/dataset/20231023040938-timechamber-bn6-vs-BiohazrdMnSP-round3-p2/actions.jsonl,unclear,vote_tie,,4,3,1,3,2,2,0,1,1,0,0
20231023041307-timechamber-bn6-vs-BiohazrdMnSP-round1-p2,data/dataset/20231023041307-timechamber-bn6-vs-BiohazrdMnSP-round1-p2/actions.jsonl,keep,votes_keep_win(6vs0),,9,7,3,6,6,0,0,2,1,0,1
20231023041815-timechamber-bn6-vs-BiohazrdMnSP-round2-p2,data/dataset/20231023041815-timechamber-bn6-vs-BiohazrdMnSP-round2-p2/actions.jsonl,keep,votes_keep_win(4vs0),,6,5,1,5,4,0,0,2,1,0,0
20231023042242-timechamber-bn6-vs-BiohazrdMnSP-round1-p2,data/dataset/20231023042242-timechamber-bn6-vs-BiohazrdMnSP-round1-p2/actions.jsonl,keep,votes_keep_win(2vs1),,9,8,3,6,2,1,0,1,1,0,0
20231023042923-timechamber-bn6-vs-BiohazrdMnSP-round2-p2,data/dataset/20231023042923-timechamber-bn6-vs-BiohazrdMnSP-round2-p2/actions.jsonl,keep,votes_keep_win(6vs0),,8,7,3,5,6,0,0,2,1,0,0
20231027004322-bustinviruses-bn6-vs-DthKrdMnSP-round1-p2,data/dataset/20231027004322-bustinviruses-bn6-vs-DthKrdMnSP-round1-p2/actions.jsonl,keep,votes_keep_win(2vs1),,11,7,1,10,2,1,0,1,1,0,3
20231027004322-bustinviruses-bn6-vs-IndianaOrz-round1-p1,data/dataset/20231027004322-bustinviruses-bn6-vs-IndianaOrz-round1-p1/actions.jsonl,swap,votes_swap_win(6vs2),,11,7,4,7,2,6,0,1,1,0,3
20231027004848-bustinviruses-bn6-vs-DthKrdMnSP-round2-p2,data/dataset/20231027004848-bustinviruses-bn6-vs-DthKrdMnSP-round2-p2/actions.jsonl,unclear,insufficient_votes<2,,6,4,2,4,0,0,0,0,1,0,1
20231027004848-bustinviruses-bn6-vs-IndianaOrz-round2-p1,data/dataset/20231027004848-bustinviruses-bn6-vs-IndianaOrz-round2-p1/actions.jsonl,swap,votes_swap_win(4vs0),,6,4,2,4,0,4,0,0,1,0,1
20231027005319-bustinviruses-bn6-vs-DthKrdMnSP-round1-p2,data/dataset/20231027005319-bustinviruses-bn6-vs-DthKrdMnSP-round1-p2/actions.jsonl,keep,votes_keep_win(2vs0),,4,3,1,3,2,0,0,1,1,0,0
20231027005319-bustinviruses-bn6-vs-IndianaOrz-round1-p1,data/dataset/20231027005319-bustinviruses-bn6-vs-IndianaOrz-round1-p1/actions.jsonl,swap,votes_swap_win(4vs1),,4,3,3,1,1,4,0,0,1,0,0
20231027005513-bustinviruses-bn6-vs-DthKrdMnSP-round2-p2,data/dataset/20231027005513-bustinviruses-bn6-vs-DthKrdMnSP-round2-p2/actions.jsonl,keep,votes_keep_win(3vs0),,5,4,2,3,3,0,0,1,1,0,0
20231027005513-bustinviruses-bn6-vs-IndianaOrz-round2-p1,data/dataset/20231027005513-bustinviruses-bn6-vs-IndianaOrz-round2-p1/actions.jsonl,swap,votes_swap_win(3vs0),,5,4,3,2,0,3,0,0,1,0,0
20231027010125-bustinviruses-bn6-vs-DthKrdMnSP-round1-p1,data/dataset/20231027010125-bustinviruses-bn6-vs-DthKrdMnSP-round1-p1/actions.jsonl,unclear,vote_tie,,6,5,2,4,2,2,0,1,1,0,0
20231027010125-bustinviruses-bn6-vs-IndianaOrz-round1-p2,data/dataset/20231027010125-bustinviruses-bn6-vs-IndianaOrz-round1-p2/actions.jsonl,unclear,insufficient_votes<2,,6,5,2,4,1,0,0,0,1,0,0
20231027010546-bustinviruses-bn6-vs-DthKrdMnSP-round2-p2,data/dataset/20231027010546-bustinviruses-bn6-vs-DthKrdMnSP-round2-p2/actions.jsonl,keep,votes_keep_win(4vs0),,5,4,2,3,4,0,0,1,1,0,0
20231027010546-bustinviruses-bn6-vs-IndianaOrz-round2-p1,data/dataset/20231027010546-bustinviruses-bn6-vs-IndianaOrz-round2-p1/actions.jsonl,keep,votes_keep_win(4vs2),,5,4,1,4,4,2,0,2,1,0,0
20231027011200-bustinviruses-bn6-vs-DthKrdMnSP-round1-p1,data/dataset/20231027011200-bustinviruses-bn6-vs-DthKrdMnSP-round1-p1/actions.jsonl,keep,votes_keep_win(2vs0),,5,4,1,4,2,0,0,1,1,0,0
20231027011200-bustinviruses-bn6-vs-IndianaOrz-round1-p2,data/dataset/20231027011200-bustinviruses-bn6-vs-IndianaOrz-round1-p2/actions.jsonl,unclear,insufficient_votes<2,,5,4,3,2,1,0,0,0,1,0,0
20231027011545-bustinviruses-bn6-vs-DthKrdMnSP-round2-p2,data/dataset/20231027011545-bustinviruses-bn6-vs-DthKrdMnSP-round2-p2/actions.jsonl,keep,votes_keep_win(2vs1),,8,6,0,8,2,1,0,1,1,0,1
20231027011545-bustinviruses-bn6-vs-IndianaOrz-round2-p1,data/dataset/20231027011545-bustinviruses-bn6-vs-IndianaOrz-round2-p1/actions.jsonl,keep,votes_keep_win(4vs2),,8,6,3,5,4,2,0,1,1,0,1
20231027012411-bustinviruses-bn6-vs-BiohazrdMnSP-round1-p1,data/dataset/20231027012411-bustinviruses-bn6-vs-BiohazrdMnSP-round1-p1/actions.jsonl,swap,votes_swap_win(4vs3),,5,4,3,2,3,4,0,1,1,0,0
20231027012810-bustinviruses-bn6-vs-BiohazrdMnSP-round2-p1,data/dataset/20231027012810-bustinviruses-bn6-vs-BiohazrdMnSP-round2-p1/actions.jsonl,keep,votes_keep_win(3vs2),,8,5,2,6,3,2,0,1,1,0,2
20231027013236-bustinviruses-bn6-vs-BiohazrdMnSP-round1-p2,data/dataset/20231027013236-bustinviruses-bn6-vs-BiohazrdMnSP-round1-p2/actions.jsonl,keep,votes_keep_win(4vs0),,8,7,1,7,4,0,0,2,1,0,0
20231027013803-bustinviruses-bn6-vs-BiohazrdMnSP-round2-p2,data/dataset/20231027013803-bustinviruses-bn6-vs-BiohazrdMnSP-round2-p2/actions.jsonl,keep,votes_keep_win(4vs0),,5,4,2,3,4,0,0,1,1,0,0
20231027014255-bustinviruses-bn6-vs-BiohazrdMnSP-round1-p2,data/dataset/20231027014255-bustinviruses-bn6-vs-BiohazrdMnSP-round1-p2/actions.jsonl,keep,votes_keep_win(4vs0),,4,3,0,4,4,0,0,2,1,0,0
20231027014556-bustinviruses-bn6-vs-BiohazrdMnSP-round2-p2,data/dataset/20231027014556-bustinviruses-bn6-vs-BiohazrdMnSP-round2-p2/actions.jsonl,keep,votes_keep_win(7vs1),,10,8,1,9,7,1,0,3,1,0,1
20231027015420-bustinviruses-bn6-vs-BiohazrdMnSP-round1-p1,data/dataset/20231027015420-bustinviruses-bn6-vs-BiohazrdMnSP-round1-p1/actions.jsonl,keep,votes_keep_win(4vs3),,6,5,2,4,4,3,0,2,1,0,0
20231027015815-bustinviruses-bn6-vs-BiohazrdMnSP-round2-p1,data/dataset/20231027015815-bustinviruses-bn6-vs-BiohazrdMnSP-round2-p1/actions.jsonl,swap,votes_swap_win(4vs1),,4,3,3,1,1,4,0,0,1,0,0
20231027020136-bustinviruses-bn6-vs-BiohazrdMnSP-round1-p1,data/dataset/20231027020136-bustinviruses-bn6-vs-BiohazrdMnSP-round1-p1/actions.jsonl,keep,votes_keep_win(6vs2),,6,5,1,5,6,2,0,3,1,0,0
20231027020635-bustinviruses-bn6-vs-BiohazrdMnSP-round2-p2,data/dataset/20231027020635-bustinviruses-bn6-vs-BiohazrdMnSP-round2-p2/actions.jsonl,keep,votes_keep_win(3vs0),,6,5,2,4,3,0,0,1,1,0,0
20231027021707-bustinviruses-bn6-vs-BiohazrdMnSP-round1-p1,data/dataset/20231027021707-bustinviruses-bn6-vs-BiohazrdMnSP-round1-p1/actions.jsonl,unclear,vote_tie,,4,3,2,2,2,2,0,1,1,0,0
20231027022013-bustinviruses-bn6-vs-BiohazrdMnSP-round2-p2,data/dataset/20231027022013-bustinviruses-bn6-vs-BiohazrdMnSP-round2-p2/actions.jsonl,keep,votes_keep_win(4vs1),,7,6,0,7,4,1,0,2,1,0,0
20231027022536-bustinviruses-bn6-vs-BiohazrdMnSP-round3-p1,data/dataset/20231027022536-bustinviruses-bn6-vs-BiohazrdMnSP-round3-p1/actions.jsonl,keep,votes_keep_win(4vs2),,5,4,2,3,4,2,0,2,1,0,0
20231027022939-bustinviruses-bn6-vs-BiohazrdMnSP-round1-p2,data/dataset/20231027022939-bustinviruses-bn6-vs-BiohazrdMnSP-round1-p2/actions.jsonl,keep,votes_keep_win(5vs0),,7,5,2,5,5,0,0,2,1,0,1
20231027023346-bustinviruses-bn6-vs-BiohazrdMnSP-round2-p2,data/dataset/20231027023346-bustinviruses-bn6-vs-BiohazrdMnSP-round2-p2/actions.jsonl,keep,votes_keep_win(5vs2),,11,9,4,7,5,2,0,2,1,0,1
20231027024051-bustinviruses-bn6-vs-BiohazrdMnSP-round3-p1,data/dataset/20231027024051-bustinviruses-bn6-vs-BiohazrdMnSP-round3-p1/actions.jsonl,swap,votes_swap_win(10vs0),,13,10,7,6,0,10,0,0,1,0,2
20231027024837-bustinviruses-bn6-vs-BiohazrdMnSP-round1-p2,data/dataset/20231027024837-bustinviruses-bn6-vs-BiohazrdMnSP-round1-p2/actions.jsonl,swap,votes_swap_win(2vs0),,2,1,1,1,0,2,0,0,1,0,0
20231027024949-bustinviruses-bn6-vs-BiohazrdMnSP-round2-p1,data/dataset/20231027024949-bustinviruses-bn6-vs-BiohazrdMnSP-round2-p1/actions.jsonl,swap,votes_swap_win(6vs0),,5,4,3,2,0,6,0,0,1,0,0
20231027025252-bustinviruses-bn6-vs-BiohazrdMnSP-round1-p2,data/dataset/20231027025252-bustinviruses-bn6-vs-BiohazrdMnSP-round1-p2/actions.jsonl,keep,votes_keep_win(3vs0),,7,6,2,5,3,0,0,1,1,0,0
20231027025700-bustinviruses-bn6-vs-BiohazrdMnSP-round2-p1,data/dataset/20231027025700-bustinviruses-bn6-vs-BiohazrdMnSP-round2-p1/actions.jsonl,swap,votes_swap_win(4vs0),,3,2,2,1,0,4,0,0,1,0,0
20231027025935-bustinviruses-bn6-vs-BiohazrdMnSP-round1-p2,data/dataset/20231027025935-bustinviruses-bn6-vs-BiohazrdMnSP-round1-p2/actions.jsonl,keep,votes_keep_win(3vs0),,6,4,2,4,3,0,0,1,1,0,1
20231027030319-bustinviruses-bn6-vs-BiohazrdMnSP-round2-p2,data/dataset/20231027030319-bustinviruses-bn6-vs-BiohazrdMnSP-round2-p2/actions.jsonl,keep,votes_keep_win(6vs1),,8,7,3,5,6,1,0,2,1,0,0
20231027030949-bustinviruses-bn6-vs-BiohazrdMnSP-round3-p1,data/dataset/20231027030949-bustinviruses-bn6-vs-BiohazrdMnSP-round3-p1/actions.jsonl,keep,votes_keep_win(4vs2),,7,5,1,6,4,2,0,2,1,0,1
20231027031408-bustinviruses-bn6-vs-BiohazrdMnSP-round1-p2,data/dataset/20231027031408-bustinviruses-bn6-vs-BiohazrdMnSP-round1-p2/actions.jsonl,keep,votes_keep_win(4vs0),,5,4,1,4,4,0,0,2,1,0,0
20231027031714-bustinviruses-bn6-vs-BiohazrdMnSP-round2-p1,data/dataset/20231027031714-bustinviruses-bn6-vs-BiohazrdMnSP-round2-p1/actions.jsonl,keep,votes_keep_win(10vs4),,12,11,2,10,10,4,0,5,1,0,0
20231027032419-bustinviruses-bn6-vs-BiohazrdMnSP-round3-p2,data/dataset/20231027032419-bustinviruses-bn6-vs-BiohazrdMnSP-round3-p2/actions.jsonl,keep,votes_keep_win(8vs1),,10,9,2,8,8,1,0,3,1,0,0
20231027033116-bustinviruses-bn6-vs-BiohazrdMnSP-round1-p1,data/dataset/20231027033116-bustinviruses-bn6-vs-BiohazrdMnSP-round1-p1/actions.jsonl,swap,votes_swap_win(6vs4),,10,7,4,6,4,6,0,2,1,0,2
20231027033654-bustinviruses-bn6-vs-BiohazrdMnSP-round2-p1,data/dataset/20231027033654-bustinviruses-bn6-vs-BiohazrdMnSP-round2-p1/actions.jsonl,keep,votes_keep_win(3vs2),,5,4,3,2,3,2,0,1,1,0,0
20231027034020-bustinviruses-bn6-vs-BiohazrdMnSP-round3-p2,data/dataset/20231027034020-bustinviruses-bn6-vs-BiohazrdMnSP-round3-p2/actions.jsonl,keep,votes_keep_win(2vs0),,6,5,1,5,2,0,0,1,1,0,0
20231027034513-bustinviruses-bn6-vs-BiohazrdMnSP-round1-p1,data/dataset/20231027034513-bustinviruses-bn6-vs-BiohazrdMnSP-round1-p1/actions.jsonl,swap,votes_swap_win(4vs0),,4,3,3,1,0,4,0,0,1,0,0
20231027034840-bustinviruses-bn6-vs-BiohazrdMnSP-round2-p1,data/dataset/20231027034840-bustinviruses-bn6-vs-BiohazrdMnSP-round2-p1/actions.jsonl,keep,votes_keep_win(6vs4),,8,7,2,6,6,4,0,3,1,0,0
20231027035344-bustinviruses-bn6-vs-BiohazrdMnSP-round3-p2,data/dataset/20231027035344-bustinviruses-bn6-vs-BiohazrdMnSP-round3-p2/actions.jsonl,keep,votes_keep_win(5vs0),,5,4,1,4,5,0,0,2,1,0,0
20231027035953-bustinviruses-bn6-vs-BiohazrdMnSP-round1-p1,data/dataset/20231027035953-bustinviruses-bn6-vs-BiohazrdMnSP-round1-p1/actions.jsonl,keep,votes_keep_win(4vs2),,7,6,1,6,4,2,0,2,1,0,0
20231027040425-bustinviruses-bn6-vs-BiohazrdMnSP-round2-p1,data/dataset/20231027040425-bustinviruses-bn6-vs-BiohazrdMnSP-round2-p1/actions.jsonl,swap,votes_swap_win(8vs5),,9,8,5,4,5,8,0,2,1,0,0
20231027041435-bustinviruses-bn6-vs-BiohazrdMnSP-round1-p1,data/dataset/20231027041435-bustinviruses-bn6-vs-BiohazrdMnSP-round1-p1/actions.jsonl,keep,votes_keep_win(8vs4),,10,9,4,6,8,4,0,3,1,0,0
20231027042130-bustinviruses-bn6-vs-BiohazrdMnSP-round2-p1,data/dataset/20231027042130-bustinviruses-bn6-vs-BiohazrdMnSP-round2-p1/actions.jsonl,unclear,vote_tie,,6,4,1,5,2,2,0,1,1,0,1
20231027042452-bustinviruses-bn6-vs-BiohazrdMnSP-round3-p2,data/dataset/20231027042452-bustinviruses-bn6-vs-BiohazrdMnSP-round3-p2/actions.jsonl,keep,votes_keep_win(5vs1),,7,5,2,5,5,1,0,2,1,0,1
20231103015930-aubreyisamonster-bn6-vs-BiohazrdMnSP-round1-p2,data/dataset/20231103015930-aubreyisamonster-bn6-vs-BiohazrdMnSP-round1-p2/actions.jsonl,keep,votes_keep_win(2vs0),,5,4,2,3,2,0,0,0,1,0,0
20231103020350-aubreyisamonster-bn6-vs-BiohazrdMnSP-round2-p2,data/dataset/20231103020350-aubreyisamonster-bn6-vs-BiohazrdMnSP-round2-p2/actions.jsonl,keep,votes_keep_win(4vs0),,6,5,1,5,4,0,0,2,1,0,0
20231103020820-aubreyisamonster-bn6-vs-BiohazrdMnSP-round3-p1,data/dataset/20231103020820-aubreyisamonster-bn6-vs-BiohazrdMnSP-round3-p1/actions.jsonl,swap,votes_swap_win(4vs2),,7,5,3,4,2,4,0,1,1,0,1
20231103021415-aubreyisamonster-bn6-vs-BiohazrdMnSP-round1-p1,data/dataset/20231103021415-aubreyisamonster-bn6-vs-BiohazrdMnSP-round1-p1/actions.jsonl,keep,votes_keep_win(4vs2),,6,5,1,5,4,2,0,2,1,0,0
20231103021758-aubreyisamonster-bn6-vs-BiohazrdMnSP-round2-p1,data/dataset/20231103021758-aubreyisamonster-bn6-vs-BiohazrdMnSP-round2-p1/actions.jsonl,keep,votes_keep_win(7vs2),,8,6,2,6,7,2,0,3,1,0,1
20231103022243-aubreyisamonster-bn6-vs-BiohazrdMnSP-round3-p2,data/dataset/20231103022243-aubreyisamonster-bn6-vs-BiohazrdMnSP-round3-p2/actions.jsonl,keep,votes_keep_win(4vs3),,9,8,3,6,4,3,0,2,1,0,0
20231103023001-aubreyisamonster-bn6-vs-BiohazrdMnSP-round1-p1,data/dataset/20231103023001-aubreyisamonster-bn6-vs-BiohazrdMnSP-round1-p1/actions.jsonl,unclear,vote_tie,,8,6,2,6,4,4,0,2,1,0,1
20231103023705-aubreyisamonster-bn6-vs-BiohazrdMnSP-round2-p2,data/dataset/20231103023705-aubreyisamonster-bn6-vs-BiohazrdMnSP-round2-p2/actions.jsonl,unclear,insufficient_votes<2,,1,0,0,1,0,0,0,0,1,0,0
20231103023853-aubreyisamonster-bn6-vs-BiohazrdMnSP-round1-p2,data/dataset/20231103023853-aubreyisamonster-bn6-vs-BiohazrdMnSP-round1-p2/actions.jsonl,keep,votes_keep_win(5vs0),,8,7,3,5,5,0,0,2,1,0,0
20231103024534-aubreyisamonster-bn6-vs-BiohazrdMnSP-round2-p2,data/dataset/20231103024534-aubreyisamonster-bn6-vs-BiohazrdMnSP-round2-p2/actions.jsonl,keep,votes_keep_win(3vs0),,7,6,2,5,3,0,0,1,1,0,0
20231103025227-aubreyisamonster-bn6-vs-BiohazrdMnSP-round3-p1,data/dataset/20231103025227-aubreyisamonster-bn6-vs-BiohazrdMnSP-round3-p1/actions.jsonl,keep,votes_keep_win(5vs4),,7,6,3,4,5,4,0,2,1,0,0
20231103025815-aubreyisamonster-bn6-vs-BiohazrdMnSP-round1-p1,data/dataset/20231103025815-aubreyisamonster-bn6-vs-BiohazrdMnSP-round1-p1/actions.jsonl,swap,votes_swap_win(4vs3),,7,6,4,3,3,4,0,1,1,0,0
20231103030309-aubreyisamonster-bn6-vs-BiohazrdMnSP-round2-p2,data/dataset/20231103030309-aubreyisamonster-bn6-vs-BiohazrdMnSP-round2-p2/actions.jsonl,keep,votes_keep_win(5vs0),,8,7,1,7,5,0,0,2,1,0,0
20231103030943-aubreyisamonster-bn6-vs-DthKrdMnSP-round1-p2,data/dataset/20231103030943-aubreyisamonster-bn6-vs-DthKrdMnSP-round1-p2/actions.jsonl,keep,votes_keep_win(2vs1),,6,5,1,5,2,1,0,1,1,0,0
20231103030943-aubreyisamonster-bn6-vs-IndianaOrz-round1-p1,data/dataset/20231103030943-aubreyisamonster-bn6-vs-IndianaOrz-round1-p1/actions.jsonl,unclear,vote_tie,,6,5,3,3,2,2,0,0,1,0,0
20231103031535-aubreyisamonster-bn6-vs-DthKrdMnSP-round2-p2,data/dataset/20231103031535-aubreyisamonster-bn6-vs-DthKrdMnSP-round2-p2/actions.jsonl,unclear,insufficient_votes<2,,4,3,0,4,0,1,0,0,1,0,0
20231103031535-aubreyisamonster-bn6-vs-IndianaOrz-round2-p1,data/dataset/20231103031535-aubreyisamonster-bn6-vs-IndianaOrz-round2-p1/actions.jsonl,unclear,vote_tie,,4,3,1,3,2,2,0,1,1,0,0
20231103031959-aubreyisamonster-bn6-vs-BiohazrdMnSP-round1-p1,data/dataset/20231103031959-aubreyisamonster-bn6-vs-BiohazrdMnSP-round1-p1/actions.jsonl,keep,votes_keep_win(8vs3),,9,7,2,7,8,3,0,4,1,0,1
20231103032617-aubreyisamonster-bn6-vs-BiohazrdMnSP-round2-p2,data/dataset/20231103032617-aubreyisamonster-bn6-vs-BiohazrdMnSP-round2-p2/actions.jsonl,keep,votes_keep_win(5vs0),,6,5,1,5,5,0,0,2,1,0,0
20231103033056-aubreyisamonster-bn6-vs-BiohazrdMnSP-round3-p1,data/dataset/20231103033056-aubreyisamonster-bn6-vs-BiohazrdMnSP-round3-p1/actions.jsonl,keep,votes_keep_win(5vs4),,8,7,3,5,5,4,0,2,1,0,0
20231103033945-aubreyisamonster-bn6-vs-BiohazrdMnSP-round1-p1,data/dataset/20231103033945-aubreyisamonster-bn6-vs-BiohazrdMnSP-round1-p1/actions.jsonl,unclear,vote_tie,,6,5,2,4,4,4,0,2,1,0,0
20231103034340-aubreyisamonster-bn6-vs-BiohazrdMnSP-round2-p1,data/dataset/20231103034340-aubreyisamonster-bn6-vs-BiohazrdMnSP-round2-p1/actions.jsonl,keep,votes_keep_win(3vs0),,7,5,2,5,3,0,0,1,1,0,1
20231103034831-aubreyisamonster-bn6-vs-BiohazrdMnSP-round1-p2,data/dataset/20231103034831-aubreyisamonster-bn6-vs-BiohazrdMnSP-round1-p2/actions.jsonl,keep,votes_keep_win(4vs0),,5,5,1,4,4,0,0,2,0,0,0
20231103035518-aubreyisamonster-bn6-vs-BiohazrdMnSP-round1-p1,data/dataset/20231103035518-aubreyisamonster-bn6-vs-BiohazrdMnSP-round1-p1/actions.jsonl,keep,votes_keep_win(5vs4),,16,14,5,11,5,4,0,2,2,0,0
20231103040445-aubreyisamonster-bn6-vs-BiohazrdMnSP-round2-p2,data/dataset/20231103040445-aubreyisamonster-bn6-vs-BiohazrdMnSP-round2-p2/actions.jsonl,keep,votes_keep_win(7vs1),,11,10,2,9,7,1,0,3,1,0,0
20231103041412-aubreyisamonster-bn6-vs-BiohazrdMnSP-round3-p1,data/dataset/20231103041412-aubreyisamonster-bn6-vs-BiohazrdMnSP-round3-p1/actions.jsonl,keep,votes_keep_win(4vs3),,9,7,2,7,4,3,0,2,1,0,1
20231103042606-aubreyisamonster-bn6-vs-BiohazrdMnSP-round1-p1,data/dataset/20231103042606-aubreyisamonster-bn6-vs-BiohazrdMnSP-round1-p1/actions.jsonl,unclear,vote_tie,,5,4,3,2,2,2,0,1,1,0,0
20231103042958-aubreyisamonster-bn6-vs-BiohazrdMnSP-round2-p1,data/dataset/20231103042958-aubreyisamonster-bn6-vs-BiohazrdMnSP-round2-p1/actions.jsonl,keep,votes_keep_win(3vs2),,6,5,2,4,3,2,0,1,1,0,0
20231110023115-friedeggs-bn6-vs-BiohazrdMnSP-round1-p2,data/dataset/20231110023115-friedeggs-bn6-vs-BiohazrdMnSP-round1-p2/actions.jsonl,keep,votes_keep_win(5vs0),,9,8,2,7,5,0,0,2,1,0,0
20231110023908-friedeggs-bn6-vs-BiohazrdMnSP-round2-p1,data/dataset/20231110023908-friedeggs-bn6-vs-BiohazrdMnSP-round2-p1/actions.jsonl,unclear,vote_tie,,7,6,1,6,2,2,0,1,1,0,0
20231110025038-friedeggs-bn6-vs-BiohazrdMnSP-round1-p2,data/dataset/20231110025038-friedeggs-bn6-vs-BiohazrdMnSP-round1-p2/actions.jsonl,swap,votes_swap_win(2vs0),,1,1,1,0,0,2,0,0,0,0,0
20231110025449-friedeggs-bn6-vs-BiohazrdMnSP-round1-p2,data/dataset/20231110025449-friedeggs-bn6-vs-BiohazrdMnSP-round1-p2/actions.jsonl,keep,votes_keep_win(6vs1),,8,7,2,6,6,1,0,2,1,0,0
20231110030117-friedeggs-bn6-vs-BiohazrdMnSP-round2-p1,data/dataset/20231110030117-friedeggs-bn6-vs-BiohazrdMnSP-round2-p1/actions.jsonl,swap,votes_swap_win(2vs0),,3,2,1,2,0,2,0,0,1,0,0
20231110030412-friedeggs-bn6-vs-BiohazrdMnSP-round1-p2,data/dataset/20231110030412-friedeggs-bn6-vs-BiohazrdMnSP-round1-p2/actions.jsonl,keep,votes_keep_win(5vs2),,9,8,3,6,5,2,0,2,1,0,0
20231110031308-friedeggs-bn6-vs-BiohazrdMnSP-round2-p1,data/dataset/20231110031308-friedeggs-bn6-vs-BiohazrdMnSP-round2-p1/actions.jsonl,keep,votes_keep_win(10vs4),,12,11,4,8,10,4,0,4,1,0,0
20231110032232-friedeggs-bn6-vs-BiohazrdMnSP-round3-p2,data/dataset/20231110032232-friedeggs-bn6-vs-BiohazrdMnSP-round3-p2/actions.jsonl,keep,votes_keep_win(3vs0),,6,4,1,5,3,0,0,1,1,0,1
20231110032750-friedeggs-bn6-vs-BiohazrdMnSP-round1-p2,data/dataset/20231110032750-friedeggs-bn6-vs-BiohazrdMnSP-round1-p2/actions.jsonl,unclear,insufficient_votes<2,,6,5,3,3,0,0,0,0,1,0,0
20231110033315-friedeggs-bn6-vs-BiohazrdMnSP-round2-p1,data/dataset/20231110033315-friedeggs-bn6-vs-BiohazrdMnSP-round2-p1/actions.jsonl,swap,votes_swap_win(5vs4),,7,6,3,4,4,5,0,2,1,0,0
20231110033858-friedeggs-bn6-vs-BiohazrdMnSP-round1-p1,data/dataset/20231110033858-friedeggs-bn6-vs-BiohazrdMnSP-round1-p1/actions.jsonl,keep,votes_keep_win(6vs2),,9,8,2,7,6,2,0,3,1,0,0
20231110034602-friedeggs-bn6-vs-BiohazrdMnSP-round2-p1,data/dataset/20231110034602-friedeggs-bn6-vs-BiohazrdMnSP-round2-p1/actions.jsonl,swap,votes_swap_win(3vs2),,16,14,3,13,2,3,0,1,1,0,1
20231110040302-friedeggs-bn6-vs-BiohazrdMnSP-round1-p1,data/dataset/20231110040302-friedeggs-bn6-vs-BiohazrdMnSP-round1-p1/actions.jsonl,unclear,vote_tie,,5,4,1,4,2,2,0,1,1,0,0
20231110040652-friedeggs-bn6-vs-BiohazrdMnSP-round2-p1,data/dataset/20231110040652-friedeggs-bn6-vs-BiohazrdMnSP-round2-p1/actions.jsonl,swap,votes_swap_win(3vs0),,6,5,3,3,0,3,0,0,1,0,0
20231110042136-friedeggs-bn6-vs-BiohazrdMnSP-round1-p1,data/dataset/20231110042136-friedeggs-bn6-vs-BiohazrdMnSP-round1-p1/actions.jsonl,keep,votes_keep_win(5vs2),,6,5,2,4,5,2,0,2,1,0,0
20231110042607-friedeggs-bn6-vs-BiohazrdMnSP-round2-p1,data/dataset/20231110042607-friedeggs-bn6-vs-BiohazrdMnSP-round2-p1/actions.jsonl,keep,votes_keep_win(6vs2),,8,7,3,5,6,2,0,2,1,0,0
20231110043406-friedeggs-bn6-vs-BiohazrdMnSP-round1-p1,data/dataset/20231110043406-friedeggs-bn6-vs-BiohazrdMnSP-round1-p1/actions.jsonl,swap,votes_swap_win(4vs3),,6,5,3,3,3,4,0,1,1,0,0
20231110043833-friedeggs-bn6-vs-BiohazrdMnSP-round2-p2,data/dataset/20231110043833-friedeggs-bn6-vs-BiohazrdMnSP-round2-p2/actions.jsonl,unclear,vote_tie,,9,8,4,5,2,2,0,1,1,0,0
20231110044530-friedeggs-bn6-vs-BiohazrdMnSP-round3-p1,data/dataset/20231110044530-friedeggs-bn6-vs-BiohazrdMnSP-round3-p1/actions.jsonl,swap,votes_swap_win(4vs2),,5,4,2,3,2,4,0,1,1,0,0
20231110044941-friedeggs-bn6-vs-BiohazrdMnSP-round1-p1,data/dataset/20231110044941-friedeggs-bn6-vs-BiohazrdMnSP-round1-p1/actions.jsonl,keep,votes_keep_win(6vs4),,9,8,2,7,6,4,0,3,1,0,0
20231110045525-friedeggs-bn6-vs-BiohazrdMnSP-round2-p2,data/dataset/20231110045525-friedeggs-bn6-vs-BiohazrdMnSP-round2-p2/actions.jsonl,keep,votes_keep_win(9vs0),,11,10,1,10,9,0,0,4,1,0,0
20231117024120-errands-bn6-vs-IndianaOrz-round1-p1,data/dataset/20231117024120-errands-bn6-vs-IndianaOrz-round1-p1/actions.jsonl,unclear,vote_tie,,6,5,1,5,2,2,0,1,1,0,0
20231117024604-errands-bn6-vs-IndianaOrz-round2-p1,data/dataset/20231117024604-errands-bn6-vs-IndianaOrz-round2-p1/actions.jsonl,keep,votes_keep_win(6vs2),,8,7,1,7,6,2,0,3,1,0,0
20231117025403-errands-bn6-vs-IndianaOrz-round1-p2,data/dataset/20231117025403-errands-bn6-vs-IndianaOrz-round1-p2/actions.jsonl,keep,votes_keep_win(2vs1),,5,4,1,4,2,1,0,1,1,0,0
20231117025814-errands-bn6-vs-IndianaOrz-round2-p1,data/dataset/20231117025814-errands-bn6-vs-IndianaOrz-round2-p1/actions.jsonl,keep,votes_keep_win(5vs4),,11,10,4,7,5,4,0,2,1,0,0
20231117030721-errands-bn6-vs-IndianaOrz-round1-p2,data/dataset/20231117030721-errands-bn6-vs-IndianaOrz-round1-p2/actions.jsonl,unclear,insufficient_votes<2,,7,6,2,5,1,0,0,0,1,0,0
20231117031214-errands-bn6-vs-IndianaOrz-round2-p2,data/dataset/20231117031214-errands-bn6-vs-IndianaOrz-round2-p2/actions.jsonl,keep,votes_keep_win(9vs0),,8,7,3,5,9,0,0,4,1,0,0
20231117031927-errands-bn6-vs-IndianaOrz-round3-p1,data/dataset/20231117031927-errands-bn6-vs-IndianaOrz-round3-p1/actions.jsonl,unclear,vote_tie,,6,5,2,4,4,4,0,2,1,0,0
20231117035348-errands-bn6-vs-BiohazrdMnSP-round1-p1,data/dataset/20231117035348-errands-bn6-vs-BiohazrdMnSP-round1-p1/actions.jsonl,keep,votes_keep_win(3vs2),,6,4,2,4,3,2,0,1,1,0,1
20231117035745-errands-bn6-vs-BiohazrdMnSP-round2-p1,data/dataset/20231117035745-errands-bn6-vs-BiohazrdMnSP-round2-p1/actions.jsonl,keep,votes_keep_win(4vs2),,6,3,1,5,4,2,0,2,1,0,2
20231117040808-errands-bn6-vs-BiohazrdMnSP-round1-p2,data/dataset/20231117040808-errands-bn6-vs-BiohazrdMnSP-round1-p2/actions.jsonl,swap,votes_swap_win(6vs0),,4,3,3,1,0,6,0,0,1,0,0
20231117041029-errands-bn6-vs-BiohazrdMnSP-round2-p2,data/dataset/20231117041029-errands-bn6-vs-BiohazrdMnSP-round2-p2/actions.jsonl,keep,votes_keep_win(3vs0),,10,9,2,8,3,0,0,1,1,0,0
20231117041909-errands-bn6-vs-BiohazrdMnSP-round3-p1,data/dataset/20231117041909-errands-bn6-vs-BiohazrdMnSP-round3-p1/actions.jsonl,keep,votes_keep_win(3vs2),,5,4,2,3,3,2,0,1,1,0,0
20231117042400-errands-bn6-vs-BiohazrdMnSP-round1-p1,data/dataset/20231117042400-errands-bn6-vs-BiohazrdMnSP-round1-p1/actions.jsonl,swap,votes_swap_win(4vs2),,7,5,2,5,2,4,0,1,1,0,1
20231117042941-errands-bn6-vs-BiohazrdMnSP-round2-p1,data/dataset/20231117042941-errands-bn6-vs-BiohazrdMnSP-round2-p1/actions.jsonl,unclear,vote_tie,,7,6,3,4,4,4,0,2,1,0,0
20231117043624-errands-bn6-vs-BiohazrdMnSP-round1-p1,data/dataset/20231117043624-errands-bn6-vs-BiohazrdMnSP-round1-p1/actions.jsonl,unclear,vote_tie,,10,8,2,8,4,4,0,2,1,0,1
20231117044338-errands-bn6-vs-BiohazrdMnSP-round2-p1,data/dataset/20231117044338-errands-bn6-vs-BiohazrdMnSP-round2-p1/actions.jsonl,keep,votes_keep_win(7vs4),,9,8,3,6,7,4,0,3,1,0,0
20231117045213-errands-bn6-vs-BiohazrdMnSP-round3-p2,data/dataset/20231117045213-errands-bn6-vs-BiohazrdMnSP-round3-p2/actions.jsonl,keep,votes_keep_win(6vs0),,8,7,2,6,6,0,0,3,1,0,0
20240315014837-brebre-bn6-vs-BiohazrdMnSP-round1-p2,data/dataset/20240315014837-brebre-bn6-vs-BiohazrdMnSP-round1-p2/actions.jsonl,keep,votes_keep_win(4vs1),,7,6,1,6,4,1,0,2,1,0,0
20240315015352-brebre-bn6-vs-BiohazrdMnSP-round2-p1,data/dataset/20240315015352-brebre-bn6-vs-BiohazrdMnSP-round2-p1/actions.jsonl,swap,votes_swap_win(3vs2),,8,7,2,6,2,3,0,1,1,0,0
20240315020247-brebre-bn6-vs-BiohazrdMnSP-round1-p1,data/dataset/20240315020247-brebre-bn6-vs-BiohazrdMnSP-round1-p1/actions.jsonl,keep,votes_keep_win(3vs2),,6,5,2,4,3,2,0,1,1,0,0
20240315020613-brebre-bn6-vs-BiohazrdMnSP-round2-p1,data/dataset/20240315020613-brebre-bn6-vs-BiohazrdMnSP-round2-p1/actions.jsonl,unclear,vote_tie,,6,4,1,5,2,2,0,1,1,0,1
20240315021347-brebre-bn6-vs-BiohazrdMnSP-round1-p1,data/dataset/20240315021347-brebre-bn6-vs-BiohazrdMnSP-round1-p1/actions.jsonl,keep,votes_keep_win(3vs2),,8,7,2,6,3,2,0,1,1,0,0
20240315022059-brebre-bn6-vs-BiohazrdMnSP-round2-p1,data/dataset/20240315022059-brebre-bn6-vs-BiohazrdMnSP-round2-p1/actions.jsonl,swap,votes_swap_win(6vs2),,6,4,3,3,2,6,0,1,1,0,1
20240315022559-brebre-bn6-vs-BiohazrdMnSP-round1-p2,data/dataset/20240315022559-brebre-bn6-vs-BiohazrdMnSP-round1-p2/actions.jsonl,unclear,vote_tie,,9,8,4,5,4,4,0,2,1,0,0
20240315023319-brebre-bn6-vs-BiohazrdMnSP-round2-p2,data/dataset/20240315023319-brebre-bn6-vs-BiohazrdMnSP-round2-p2/actions.jsonl,keep,votes_keep_win(9vs0),,11,9,2,9,9,0,0,4,1,0,1
20240315024207-brebre-bn6-vs-BiohazrdMnSP-round3-p1,data/dataset/20240315024207-brebre-bn6-vs-BiohazrdMnSP-round3-p1/actions.jsonl,keep,votes_keep_win(8vs4),,11,10,5,6,8,4,0,3,1,0,0
20240315025152-brebre-bn6-vs-BiohazrdMnSP-round1-p1,data/dataset/20240315025152-brebre-bn6-vs-BiohazrdMnSP-round1-p1/actions.jsonl,keep,votes_keep_win(5vs2),,8,7,2,6,5,2,0,2,1,0,0
20240315025917-brebre-bn6-vs-BiohazrdMnSP-round2-p1,data/dataset/20240315025917-brebre-bn6-vs-BiohazrdMnSP-round2-p1/actions.jsonl,swap,votes_swap_win(3vs2),,7,5,3,4,2,3,0,1,1,0,1
20240315030533-brebre-bn6-vs-BiohazrdMnSP-round1-p1,data/dataset/20240315030533-brebre-bn6-vs-BiohazrdMnSP-round1-p1/actions.jsonl,keep,votes_keep_win(4vs2),,7,6,2,5,4,2,0,2,1,0,0
20240315031050-brebre-bn6-vs-BiohazrdMnSP-round2-p2,data/dataset/20240315031050-brebre-bn6-vs-BiohazrdMnSP-round2-p2/actions.jsonl,swap,votes_swap_win(2vs0),,9,7,3,6,0,2,0,0,1,0,1
20240315032254-brebre-bn6-vs-BiohazrdMnSP-round1-p2,data/dataset/20240315032254-brebre-bn6-vs-BiohazrdMnSP-round1-p2/actions.jsonl,keep,votes_keep_win(5vs0),,8,6,2,6,5,0,0,2,1,0,1
20240315032813-brebre-bn6-vs-BiohazrdMnSP-round2-p2,data/dataset/20240315032813-brebre-bn6-vs-BiohazrdMnSP-round2-p2/actions.jsonl,keep,votes_keep_win(2vs1),,7,6,2,5,2,1,0,1,1,0,0
20240315033413-brebre-bn6-vs-BiohazrdMnSP-round3-p1,data/dataset/20240315033413-brebre-bn6-vs-BiohazrdMnSP-round3-p1/actions.jsonl,swap,votes_swap_win(3vs2),,7,6,3,4,2,3,0,1,1,0,0
20240322013915-zoezoe-bn6-vs-BiohazrdMnSP-round1-p1,data/dataset/20240322013915-zoezoe-bn6-vs-BiohazrdMnSP-round1-p1/actions.jsonl,keep,votes_keep_win(8vs2),,10,9,1,9,8,2,0,4,1,0,0
20240322014725-zoezoe-bn6-vs-BiohazrdMnSP-round2-p2,data/dataset/20240322014725-zoezoe-bn6-vs-BiohazrdMnSP-round2-p2/actions.jsonl,keep,votes_keep_win(5vs0),,9,8,3,6,5,0,0,2,1,0,0
20240322015509-zoezoe-bn6-vs-BiohazrdMnSP-round3-p1,data/dataset/20240322015509-zoezoe-bn6-vs-BiohazrdMnSP-round3-p1/actions.jsonl,unclear,vote_tie,,8,7,3,5,4,4,0,2,1,0,0
20240322020328-zoezoe-bn6-vs-BiohazrdMnSP-round1-p2,data/dataset/20240322020328-zoezoe-bn6-vs-BiohazrdMnSP-round1-p2/actions.jsonl,keep,votes_keep_win(6vs1),,10,9,1,9,6,1,0,3,1,0,0
20240322021208-zoezoe-bn6-vs-BiohazrdMnSP-round2-p1,data/dataset/20240322021208-zoezoe-bn6-vs-BiohazrdMnSP-round2-p1/actions.jsonl,unclear,vote_tie,,6,5,1,5,2,2,0,1,1,0,0
20240322021715-zoezoe-bn6-vs-BiohazrdMnSP-round1-p1,data/dataset/20240322021715-zoezoe-bn6-vs-BiohazrdMnSP-round1-p1/actions.jsonl,keep,votes_keep_win(4vs3),,8,6,2,6,4,3,0,2,1,0,1
20240322022318-zoezoe-bn6-vs-BiohazrdMnSP-round2-p1,data/dataset/20240322022318-zoezoe-bn6-vs-BiohazrdMnSP-round2-p1/actions.jsonl,keep,votes_keep_win(5vs2),,8,7,2,6,5,2,0,2,1,0,0
20240322023347-zoezoe-bn6-vs-BiohazrdMnSP-round1-p2,data/dataset/20240322023347-zoezoe-bn6-vs-BiohazrdMnSP-round1-p2/actions.jsonl,swap,votes_swap_win(2vs1),,3,2,2,1,1,2,0,0,1,0,0
20240322023620-zoezoe-bn6-vs-BiohazrdMnSP-round2-p1,data/dataset/20240322023620-zoezoe-bn6-vs-BiohazrdMnSP-round2-p1/actions.jsonl,swap,votes_swap_win(3vs2),,5,4,2,3,2,3,0,1,1,0,0
20240322024119-zoezoe-bn6-vs-BiohazrdMnSP-round1-p2,data/dataset/20240322024119-zoezoe-bn6-vs-BiohazrdMnSP-round1-p2/actions.jsonl,keep,votes_keep_win(5vs0),,8,7,2,6,5,0,0,2,1,0,0
20240322024700-zoezoe-bn6-vs-BiohazrdMnSP-round2-p1,data/dataset/20240322024700-zoezoe-bn6-vs-BiohazrdMnSP-round2-p1/actions.jsonl,swap,votes_swap_win(4vs3),,7,6,4,3,3,4,0,1,1,0,0
20240322025833-zoezoe-bn6-vs-BiohazrdMnSP-round1-p2,data/dataset/20240322025833-zoezoe-bn6-vs-BiohazrdMnSP-round1-p2/actions.jsonl,swap,votes_swap_win(6vs2),,12,11,3,9,2,6,0,1,1,0,0
20240322030809-zoezoe-bn6-vs-BiohazrdMnSP-round2-p1,data/dataset/20240322030809-zoezoe-bn6-vs-BiohazrdMnSP-round2-p1/actions.jsonl,keep,votes_keep_win(6vs2),,9,8,2,7,6,2,0,3,1,0,0
20240322031646-zoezoe-bn6-vs-BiohazrdMnSP-round1-p2,data/dataset/20240322031646-zoezoe-bn6-vs-BiohazrdMnSP-round1-p2/actions.jsonl,keep,votes_keep_win(4vs0),,7,6,1,6,4,0,0,2,1,0,0
20240322032252-zoezoe-bn6-vs-BiohazrdMnSP-round2-p1,data/dataset/20240322032252-zoezoe-bn6-vs-BiohazrdMnSP-round2-p1/actions.jsonl,keep,votes_keep_win(6vs4),,8,7,2,6,6,4,0,3,1,0,0
20240322033206-zoezoe-bn6-vs-BiohazrdMnSP-round1-p1,data/dataset/20240322033206-zoezoe-bn6-vs-BiohazrdMnSP-round1-p1/actions.jsonl,swap,votes_swap_win(4vs2),,7,5,2,5,2,4,0,1,1,0,1
20240322033751-zoezoe-bn6-vs-BiohazrdMnSP-round2-p1,data/dataset/20240322033751-zoezoe-bn6-vs-BiohazrdMnSP-round2-p1/actions.jsonl,unclear,vote_tie,,9,8,2,7,4,4,0,2,1,0,0
20240329015757-bathtubbaby-bn6-vs-BiohazrdMnSP-round1-p1,data/dataset/20240329015757-bathtubbaby-bn6-vs-BiohazrdMnSP-round1-p1/actions.jsonl,unclear,insufficient_votes<2,,1,0,0,1,0,0,0,0,1,0,0
20240329020110-bathtubbaby-bn6-vs-BiohazrdMnSP-round1-p2,data/dataset/20240329020110-bathtubbaby-bn6-vs-BiohazrdMnSP-round1-p2/actions.jsonl,swap,votes_swap_win(3vs1),,7,6,3,4,1,3,0,0,1,0,0
20240329021024-bathtubbaby-bn6-vs-BiohazrdMnSP-round2-p1,data/dataset/20240329021024-bathtubbaby-bn6-vs-BiohazrdMnSP-round2-p1/actions.jsonl,swap,votes_swap_win(5vs2),,6,5,3,3,2,5,0,1,1,0,0
20240329021654-bathtubbaby-bn6-vs-BiohazrdMnSP-round1-p1,data/dataset/20240329021654-bathtubbaby-bn6-vs-BiohazrdMnSP-round1-p1/actions.jsonl,keep,votes_keep_win(7vs5),,12,11,5,7,7,5,0,3,1,0,0
20240329022644-bathtubbaby-bn6-vs-BiohazrdMnSP-round2-p2,data/dataset/20240329022644-bathtubbaby-bn6-vs-BiohazrdMnSP-round2-p2/actions.jsonl,unclear,vote_tie,,3,2,1,2,2,2,0,1,0,0,1
20240329022932-bathtubbaby-bn6-vs-BiohazrdMnSP-round1-p1,data/dataset/20240329022932-bathtubbaby-bn6-vs-BiohazrdMnSP-round1-p1/actions.jsonl,keep,votes_keep_win(4vs2),,5,4,1,4,4,2,0,2,1,0,0
20240329023433-bathtubbaby-bn6-vs-BiohazrdMnSP-round2-p1,data/dataset/20240329023433-bathtubbaby-bn6-vs-BiohazrdMnSP-round2-p1/actions.jsonl,keep,votes_keep_win(5vs4),,7,6,3,4,5,4,0,2,1,0,0
20240329024252-bathtubbaby-bn6-vs-BiohazrdMnSP-round1-p1,data/dataset/20240329024252-bathtubbaby-bn6-vs-BiohazrdMnSP-round1-p1/actions.jsonl,swap,votes_swap_win(4vs2),,6,5,3,3,2,4,0,1,1,0,0
20240329024928-bathtubbaby-bn6-vs-BiohazrdMnSP-round2-p2,data/dataset/20240329024928-bathtubbaby-bn6-vs-BiohazrdMnSP-round2-p2/actions.jsonl,keep,votes_keep_win(6vs2),,6,5,1,5,6,2,0,3,1,0,0
20240329030351-bathtubbaby-bn6-vs-BiohazrdMnSP-round3-p1,data/dataset/20240329030351-bathtubbaby-bn6-vs-BiohazrdMnSP-round3-p1/actions.jsonl,swap,votes_swap_win(6vs3),,8,7,5,3,3,6,0,1,1,0,0
20240329032421-bathtubbaby-bn6-vs-BiohazrdMnSP-round1-p1,data/dataset/20240329032421-bathtubbaby-bn6-vs-BiohazrdMnSP-round1-p1/actions.jsonl,swap,votes_swap_win(4vs0),,8,7,4,4,0,4,0,0,1,0,0
20240329033027-bathtubbaby-bn6-vs-BiohazrdMnSP-round2-p1,data/dataset/20240329033027-bathtubbaby-bn6-vs-BiohazrdMnSP-round2-p1/actions.jsonl,keep,votes_keep_win(4vs0),,6,5,3,3,4,0,0,1,1,0,0
20240329033503-bathtubbaby-bn6-vs-BiohazrdMnSP-round3-p2,data/dataset/20240329033503-bathtubbaby-bn6-vs-BiohazrdMnSP-round3-p2/actions.jsonl,keep,votes_keep_win(6vs1),,9,7,1,8,6,1,0,3,1,0,1
20240329034204-bathtubbaby-bn6-vs-BiohazrdMnSP-round1-p1,data/dataset/20240329034204-bathtubbaby-bn6-vs-BiohazrdMnSP-round1-p1/actions.jsonl,keep,votes_keep_win(3vs2),,6,4,2,4,3,2,0,1,1,0,1
20240329034648-bathtubbaby-bn6-vs-BiohazrdMnSP-round2-p1,data/dataset/20240329034648-bathtubbaby-bn6-vs-BiohazrdMnSP-round2-p1/actions.jsonl,swap,votes_swap_win(2vs0),,5,4,3,2,0,2,0,0,1,0,0
20240405013908-geddon-bn6-vs-BiohazrdMnSP-round1-p2,data/dataset/20240405013908-geddon-bn6-vs-BiohazrdMnSP-round1-p2/actions.jsonl,keep,votes_keep_win(4vs0),,8,7,2,6,4,0,0,2,1,0,0
20240405014715-geddon-bn6-vs-BiohazrdMnSP-round2-p1,data/dataset/20240405014715-geddon-bn6-vs-BiohazrdMnSP-round2-p1/actions.jsonl,unclear,vote_tie,,7,6,3,4,4,4,0,2,1,0,0
20240405015358-geddon-bn6-vs-BiohazrdMnSP-round1-p1,data/dataset/20240405015358-geddon-bn6-vs-BiohazrdMnSP-round1-p1/actions.jsonl,swap,votes_swap_win(5vs3),,10,9,4,6,3,5,0,1,1,0,0
20240405020210-geddon-bn6-vs-BiohazrdMnSP-round2-p1,data/dataset/20240405020210-geddon-bn6-vs-BiohazrdMnSP-round2-p1/actions.jsonl,swap,votes_swap_win(6vs3),,7,6,4,3,3,6,0,1,1,0,0
20240405021628-geddon-bn6-vs-BiohazrdMnSP-round1-p1,data/dataset/20240405021628-geddon-bn6-vs-BiohazrdMnSP-round1-p1/actions.jsonl,keep,votes_keep_win(5vs4),,10,8,3,7,5,4,0,2,1,0,1
20240405022422-geddon-bn6-vs-BiohazrdMnSP-round2-p2,data/dataset/20240405022422-geddon-bn6-vs-BiohazrdMnSP-round2-p2/actions.jsonl,keep,votes_keep_win(3vs0),,6,5,1,5,3,0,0,1,1,0,0
20240405023023-geddon-bn6-vs-BiohazrdMnSP-round1-p2,data/dataset/20240405023023-geddon-bn6-vs-BiohazrdMnSP-round1-p2/actions.jsonl,keep,votes_keep_win(4vs1),,7,5,1,6,4,1,0,2,1,0,1
20240405023547-geddon-bn6-vs-BiohazrdMnSP-round2-p2,data/dataset/20240405023547-geddon-bn6-vs-BiohazrdMnSP-round2-p2/actions.jsonl,keep,votes_keep_win(4vs0),,6,5,1,5,4,0,0,2,1,0,0
20240405024019-geddon-bn6-vs-BiohazrdMnSP-round3-p1,data/dataset/20240405024019-geddon-bn6-vs-BiohazrdMnSP-round3-p1/actions.jsonl,swap,votes_swap_win(4vs1),,7,5,3,4,1,4,0,0,1,0,1
20240405024451-geddon-bn6-vs-BiohazrdMnSP-round1-p1,data/dataset/20240405024451-geddon-bn6-vs-BiohazrdMnSP-round1-p1/actions.jsonl,swap,votes_swap_win(4vs1),,5,4,3,2,1,4,0,0,1,0,0
20240405024913-geddon-bn6-vs-BiohazrdMnSP-round2-p1,data/dataset/20240405024913-geddon-bn6-vs-BiohazrdMnSP-round2-p1/actions.jsonl,swap,votes_swap_win(3vs2),,6,5,2,4,2,3,0,1,1,0,0
20240405025504-geddon-bn6-vs-BiohazrdMnSP-round3-p2,data/dataset/20240405025504-geddon-bn6-vs-BiohazrdMnSP-round3-p2/actions.jsonl,keep,votes_keep_win(3vs0),,6,4,1,5,3,0,0,1,1,0,1
20240405030118-geddon-bn6-vs-BiohazrdMnSP-round1-p2,data/dataset/20240405030118-geddon-bn6-vs-BiohazrdMnSP-round1-p2/actions.jsonl,keep,votes_keep_win(5vs2),,6,4,2,4,5,2,0,2,1,0,1
20240405030519-geddon-bn6-vs-BiohazrdMnSP-round2-p2,data/dataset/20240405030519-geddon-bn6-vs-BiohazrdMnSP-round2-p2/actions.jsonl,keep,votes_keep_win(4vs0),,7,6,1,6,4,0,0,2,1,0,0
20240405031208-geddon-bn6-vs-BiohazrdMnSP-round3-p1,data/dataset/20240405031208-geddon-bn6-vs-BiohazrdMnSP-round3-p1/actions.jsonl,swap,votes_swap_win(5vs0),,6,5,3,3,0,5,0,0,1,0,0
