folder,path,verdict,reason,left0_votes,left1_votes,frames_scanned,grids_seen,applied,error
20230929001213-ummm-bn6-vs-DthKrdMnSP-round1-p1,data/dataset/20230929001213-ummm-bn6-vs-DthKrdMnSP-round1-p1/actions.jsonl,keep,early:left0>=left1*1.25,10,0,10,10,False,
20230929001326-ummm-bn6-vs-IndianaOrz-round2-p2,data/dataset/20230929001326-ummm-bn6-vs-IndianaOrz-round2-p2/actions.jsonl,keep,early:left0>=left1*1.25,10,0,10,10,False,
20230929001326-ummm-bn6-vs-DthKrdMnSP-round2-p1,data/dataset/20230929001326-ummm-bn6-vs-DthKrdMnSP-round2-p1/actions.jsonl,keep,early:left0>=left1*1.25,10,0,10,10,False,
20230929004739-ummm-bn6-vs-DthKrdMnSP-round2-p1,data/dataset/20230929004739-ummm-bn6-vs-DthKrdMnSP-round2-p1/actions.jsonl,keep,early:left0>=left1*1.25,10,0,10,10,False,
20230929005408-ummm-bn6-vs-IndianaOrz-round1-p1,data/dataset/20230929005408-ummm-bn6-vs-IndianaOrz-round1-p1/actions.jsonl,keep,early:left0>=left1*1.25,10,0,10,10,False,
20230929004225-ummm-bn6-vs-DthKrdMnSP-round1-p1,data/dataset/20230929004225-ummm-bn6-vs-DthKrdMnSP-round1-p1/actions.jsonl,keep,early:left0>=left1*1.25,10,0,10,10,False,
20230929010732-ummm-bn6-vs-IndianaOrz-round1-p1,data/dataset/20230929010732-ummm-bn6-vs-IndianaOrz-round1-p1/actions.jsonl,keep,early:left0>=left1*1.25,10,0,10,10,False,
20230929005054-ummm-bn6-vs-IndianaOrz-round3-p1,data/dataset/20230929005054-ummm-bn6-vs-IndianaOrz-round3-p1/actions.jsonl,keep,early:left0>=left1*1.25,10,0,10,10,False,
20230929012017-ummm-bn6-vs-BiohazrdMnSP-round1-p1,data/dataset/20230929012017-ummm-bn6-vs-BiohazrdMnSP-round1-p1/actions.jsonl,keep,early:left0>=left1*1.25,10,0,10,10,False,
20230929011053-ummm-bn6-vs-IndianaOrz-round2-p1,data/dataset/20230929011053-ummm-bn6-vs-IndianaOrz-round2-p1/actions.jsonl,keep,early:left0>=left1*1.25,10,0,10,10,False,
20230929014832-ummm-bn6-vs-IndianaOrz-round1-p1,data/dataset/20230929014832-ummm-bn6-vs-IndianaOrz-round1-p1/actions.jsonl,keep,early:left0>=left1*1.25,10,0,10,10,False,
20230929015052-ummm-bn6-vs-IndianaOrz-round2-p1,data/dataset/20230929015052-ummm-bn6-vs-IndianaOrz-round2-p1/actions.jsonl,keep,early:left0>=left1*1.25,10,0,10,10,False,
20230929005832-ummm-bn6-vs-IndianaOrz-round2-p1,data/dataset/20230929005832-ummm-bn6-vs-IndianaOrz-round2-p1/actions.jsonl,keep,early:left0>=left1*1.25,10,0,10,10,False,
20230929020048-ummm-bn6-vs-BiohazrdMnSP-round2-p2,data/dataset/20230929020048-ummm-bn6-vs-BiohazrdMnSP-round2-p2/actions.jsonl,keep,early:left0>=left1*1.25,10,0,10,10,False,
20230929015821-ummm-bn6-vs-BiohazrdMnSP-round1-p1,data/dataset/20230929015821-ummm-bn6-vs-BiohazrdMnSP-round1-p1/actions.jsonl,keep,early:left0>=left1*1.25,10,0,10,10,False,
20230929012825-ummm-bn6-vs-BiohazrdMnSP-round3-p1,data/dataset/20230929012825-ummm-bn6-vs-BiohazrdMnSP-round3-p1/actions.jsonl,keep,early:left0>=left1*1.25,10,0,10,10,False,
20230929020344-ummm-bn6-vs-BiohazrdMnSP-round3-p1,data/dataset/20230929020344-ummm-bn6-vs-BiohazrdMnSP-round3-p1/actions.jsonl,keep,early:left0>=left1*1.25,10,0,10,10,False,
20230929022250-ummm-bn6-vs-BiohazrdMnSP-round3-p1,data/dataset/20230929022250-ummm-bn6-vs-BiohazrdMnSP-round3-p1/actions.jsonl,keep,early:left0>=left1*1.25,10,0,10,10,False,
20230929021718-ummm-bn6-vs-BiohazrdMnSP-round1-p2,data/dataset/20230929021718-ummm-bn6-vs-BiohazrdMnSP-round1-p2/actions.jsonl,keep,early:left0>=left1*1.25,10,0,10,10,False,
20230929025233-ummm-bn6-vs-DthKrdMnSP-round1-p1,data/dataset/20230929025233-ummm-bn6-vs-DthKrdMnSP-round1-p1/actions.jsonl,keep,early:left0>=left1*1.25,10,0,10,10,False,
20230929035201-ummm-bn6-vs-IndianaOrz-round1-p1,data/dataset/20230929035201-ummm-bn6-vs-IndianaOrz-round1-p1/actions.jsonl,keep,early:left0>=left1*1.25,10,0,10,10,False,
20231006011012-lunazoe-bn6-vs-IndianaOrz-round2-p1,data/dataset/20231006011012-lunazoe-bn6-vs-IndianaOrz-round2-p1/actions.jsonl,keep,early:left0>=left1*1.25,10,0,10,10,False,
20230929035359-ummm-bn6-vs-IndianaOrz-round2-p1,data/dataset/20230929035359-ummm-bn6-vs-IndianaOrz-round2-p1/actions.jsonl,keep,early:left0>=left1*1.25,10,0,10,10,False,
20230929025517-ummm-bn6-vs-IndianaOrz-round2-p1,data/dataset/20230929025517-ummm-bn6-vs-IndianaOrz-round2-p1/actions.jsonl,keep,early:left0>=left1*1.25,10,0,10,10,False,
20231006010702-lunazoe-bn6-vs-IndianaOrz-round1-p1,data/dataset/20231006010702-lunazoe-bn6-vs-IndianaOrz-round1-p1/actions.jsonl,keep,early:left0>=left1*1.25,10,0,10,10,False,
20230929040011-ummm-bn6-vs-DthKrdMnSP-round1-p1,data/dataset/20230929040011-ummm-bn6-vs-DthKrdMnSP-round1-p1/actions.jsonl,keep,early:left0>=left1*1.25,10,0,10,10,False,
20231006011604-lunazoe-bn6-vs-IndianaOrz-round2-p1,data/dataset/20231006011604-lunazoe-bn6-vs-IndianaOrz-round2-p1/actions.jsonl,keep,early:left0>=left1*1.25,10,0,10,10,False,
20231006012008-lunazoe-bn6-vs-DthKrdMnSP-round3-p1,data/dataset/20231006012008-lunazoe-bn6-vs-DthKrdMnSP-round3-p1/actions.jsonl,keep,early:left0>=left1*1.25,10,0,10,10,False,
20231006011421-lunazoe-bn6-vs-IndianaOrz-round1-p1,data/dataset/20231006011421-lunazoe-bn6-vs-IndianaOrz-round1-p1/actions.jsonl,keep,early:left0>=left1*1.25,10,0,10,10,False,
20231006012408-lunazoe-bn6-vs-IndianaOrz-round1-p1,data/dataset/20231006012408-lunazoe-bn6-vs-IndianaOrz-round1-p1/actions.jsonl,keep,early:left0>=left1*1.25,10,0,10,10,False,
20231006015107-lunazoe-bn6-vs-IndianaOrz-round1-p2,data/dataset/20231006015107-lunazoe-bn6-vs-IndianaOrz-round1-p2/actions.jsonl,keep,early:left0>=left1*1.25,10,0,10,10,False,
20231006012733-lunazoe-bn6-vs-IndianaOrz-round2-p1,data/dataset/20231006012733-lunazoe-bn6-vs-IndianaOrz-round2-p1/actions.jsonl,keep,early:left0>=left1*1.25,10,0,10,10,False,
20231006015259-lunazoe-bn6-vs-IndianaOrz-round2-p1,data/dataset/20231006015259-lunazoe-bn6-vs-IndianaOrz-round2-p1/actions.jsonl,keep,early:left0>=left1*1.25,10,0,10,10,False,
20231006020252-lunazoe-bn6-vs-IndianaOrz-round1-p2,data/dataset/20231006020252-lunazoe-bn6-vs-IndianaOrz-round1-p2/actions.jsonl,keep,early:left0>=left1*1.25,10,0,10,10,False,
20231006015108-lunazoe-bn6-vs-DthKrdMnSP-round1-p1,data/dataset/20231006015108-lunazoe-bn6-vs-DthKrdMnSP-round1-p1/actions.jsonl,keep,early:left0>=left1*1.25,10,0,10,10,False,
20231006020253-lunazoe-bn6-vs-DthKrdMnSP-round1-p1,data/dataset/20231006020253-lunazoe-bn6-vs-DthKrdMnSP-round1-p1/actions.jsonl,keep,early:left0>=left1*1.25,10,0,10,10,False,
20230929041258-ummm-bn6-vs-BiohazrdMnSP-round2-p1,data/dataset/20230929041258-ummm-bn6-vs-BiohazrdMnSP-round2-p1/actions.jsonl,keep,early:left0>=left1*1.25,10,0,10,10,False,
20231006020605-lunazoe-bn6-vs-DthKrdMnSP-round2-p2,data/dataset/20231006020605-lunazoe-bn6-vs-DthKrdMnSP-round2-p2/actions.jsonl,keep,early:left0>=left1*1.25,10,0,10,10,False,
20231006015542-lunazoe-bn6-vs-DthKrdMnSP-round3-p1,data/dataset/20231006015542-lunazoe-bn6-vs-DthKrdMnSP-round3-p1/actions.jsonl,keep,early:left0>=left1*1.25,10,0,10,10,False,
20231006020605-lunazoe-bn6-vs-IndianaOrz-round2-p1,data/dataset/20231006020605-lunazoe-bn6-vs-IndianaOrz-round2-p1/actions.jsonl,keep,early:left0>=left1*1.25,10,0,10,10,False,
20231006020854-lunazoe-bn6-vs-IndianaOrz-round3-p2,data/dataset/20231006020854-lunazoe-bn6-vs-IndianaOrz-round3-p2/actions.jsonl,keep,early:left0>=left1*1.25,10,0,10,10,False,
20231006020855-lunazoe-bn6-vs-DthKrdMnSP-round3-p1,data/dataset/20231006020855-lunazoe-bn6-vs-DthKrdMnSP-round3-p1/actions.jsonl,keep,early:left0>=left1*1.25,10,0,10,10,False,
20231006021938-lunazoeshelbz-bn6-vs-BiohazrdMnSP-round2-p1,data/dataset/20231006021938-lunazoeshelbz-bn6-vs-BiohazrdMnSP-round2-p1/actions.jsonl,keep,early:left0>=left1*1.25,10,0,10,10,False,
20231006024124-lunazoeshelbz-bn6-vs-BiohazrdMnSP-round1-p1,data/dataset/20231006024124-lunazoeshelbz-bn6-vs-BiohazrdMnSP-round1-p1/actions.jsonl,keep,early:left0>=left1*1.25,10,0,10,10,False,
20231006022302-lunazoeshelbz-bn6-vs-BiohazrdMnSP-round3-p2,data/dataset/20231006022302-lunazoeshelbz-bn6-vs-BiohazrdMnSP-round3-p2/actions.jsonl,keep,early:left0>=left1*1.25,10,0,10,10,False,
20231006024850-lunazoeshelbz-bn6-vs-BiohazrdMnSP-round1-p1,data/dataset/20231006024850-lunazoeshelbz-bn6-vs-BiohazrdMnSP-round1-p1/actions.jsonl,keep,early:left0>=left1*1.25,10,0,10,10,False,
20231006025312-lunazoeshelbz-bn6-vs-BiohazrdMnSP-round2-p2,data/dataset/20231006025312-lunazoeshelbz-bn6-vs-BiohazrdMnSP-round2-p2/actions.jsonl,keep,early:left0>=left1*1.25,10,0,10,10,False,
20231006025909-lunazoeshelbz-bn6-vs-IndianaOrz-round1-p1,data/dataset/20231006025909-lunazoeshelbz-bn6-vs-IndianaOrz-round1-p1/actions.jsonl,keep,early:left0>=left1*1.25,10,0,10,10,False,
20231006025910-lunazoeshelbz-bn6-vs-DthKrdMnSP-round1-p2,data/dataset/20231006025910-lunazoeshelbz-bn6-vs-DthKrdMnSP-round1-p2/actions.jsonl,keep,early:left0>=left1*1.25,10,0,10,10,False,
20231006030146-lunazoeshelbz-bn6-vs-IndianaOrz-round2-p2,data/dataset/20231006030146-lunazoeshelbz-bn6-vs-IndianaOrz-round2-p2/actions.jsonl,keep,early:left0>=left1*1.25,10,0,10,10,False,
20231006030147-lunazoeshelbz-bn6-vs-DthKrdMnSP-round2-p1,data/dataset/20231006030147-lunazoeshelbz-bn6-vs-DthKrdMnSP-round2-p1/actions.jsonl,keep,early:left0>=left1*1.25,10,0,10,10,False,
20231006030440-lunazoeshelbz-bn6-vs-IndianaOrz-round1-p2,data/dataset/20231006030440-lunazoeshelbz-bn6-vs-IndianaOrz-round1-p2/actions.jsonl,keep,early:left0>=left1*1.25,10,0,10,10,False,
20231006030645-lunazoeshelbz-bn6-vs-IndianaOrz-round2-p2,data/dataset/20231006030645-lunazoeshelbz-bn6-vs-IndianaOrz-round2-p2/actions.jsonl,keep,early:left0>=left1*1.25,10,0,10,10,False,
20231006030441-lunazoeshelbz-bn6-vs-DthKrdMnSP-round1-p1,data/dataset/20231006030441-lunazoeshelbz-bn6-vs-DthKrdMnSP-round1-p1/actions.jsonl,keep,early:left0>=left1*1.25,10,0,10,10,False,
20231006030646-lunazoeshelbz-bn6-vs-DthKrdMnSP-round2-p1,data/dataset/20231006030646-lunazoeshelbz-bn6-vs-DthKrdMnSP-round2-p1/actions.jsonl,keep,early:left0>=left1*1.25,10,0,10,10,False,
20231006030850-lunazoeshelbz-bn6-vs-DthKrdMnSP-round3-p2,data/dataset/20231006030850-lunazoeshelbz-bn6-vs-DthKrdMnSP-round3-p2/actions.jsonl,keep,early:left0>=left1*1.25,10,0,10,10,False,
20231006031227-lunazoeshelbz-bn6-vs-BiohazrdMnSP-round1-p1,data/dataset/20231006031227-lunazoeshelbz-bn6-vs-BiohazrdMnSP-round1-p1/actions.jsonl,keep,early:left0>=left1*1.25,10,0,10,10,False,
20231006031548-lunazoeshelbz-bn6-vs-BiohazrdMnSP-round2-p1,data/dataset/20231006031548-lunazoeshelbz-bn6-vs-BiohazrdMnSP-round2-p1/actions.jsonl,keep,early:left0>=left1*1.25,10,0,10,10,False,
20231006030850-lunazoeshelbz-bn6-vs-IndianaOrz-round3-p1,data/dataset/20231006030850-lunazoeshelbz-bn6-vs-IndianaOrz-round3-p1/actions.jsonl,keep,early:left0>=left1*1.25,10,0,10,10,False,
20231006032406-lunazoeshelbz-bn6-vs-BiohazrdMnSP-round1-p2,data/dataset/20231006032406-lunazoeshelbz-bn6-vs-BiohazrdMnSP-round1-p2/actions.jsonl,unclear,votes<10,0,0,0,0,False,
20231006032501-lunazoeshelbz-bn6-vs-BiohazrdMnSP-round1-p1,data/dataset/20231006032501-lunazoeshelbz-bn6-vs-BiohazrdMnSP-round1-p1/actions.jsonl,keep,early:left0>=left1*1.25,10,0,10,10,False,
20231006032857-lunazoeshelbz-bn6-vs-BiohazrdMnSP-round2-p1,data/dataset/20231006032857-lunazoeshelbz-bn6-vs-BiohazrdMnSP-round2-p1/actions.jsonl,keep,early:left0>=left1*1.25,10,0,10,10,False,
20231006033229-lunazoeshelbz-bn6-vs-BiohazrdMnSP-round1-p1,data/dataset/20231006033229-lunazoeshelbz-bn6-vs-BiohazrdMnSP-round1-p1/actions.jsonl,keep,early:left0>=left1*1.25,10,0,10,10,False,
20231006034443-lunazoeshelbz-bn6-vs-BiohazrdMnSP-round2-p1,data/dataset/20231006034443-lunazoeshelbz-bn6-vs-BiohazrdMnSP-round2-p1/actions.jsonl,keep,early:left0>=left1*1.25,10,0,10,10,False,
20230929001213-ummm-bn6-vs-IndianaOrz-round1-p2,data/dataset/20230929001213-ummm-bn6-vs-IndianaOrz-round1-p2/actions.jsonl,invert,early:left1>=left0*1.25,0,10,10,10,True,
20231013003736-annular-bn6-vs-DthKrdMnSP-round1-p1,data/dataset/20231013003736-annular-bn6-vs-DthKrdMnSP-round1-p1/actions.jsonl,keep,early:left0>=left1*1.25,10,0,10,10,False,
20231006011421-lunazoe-bn6-vs-DthKrdMnSP-round1-p2,data/dataset/20231006011421-lunazoe-bn6-vs-DthKrdMnSP-round1-p2/actions.jsonl,invert,early:left1>=left0*1.25,0,10,10,10,True,
20230929035201-ummm-bn6-vs-DthKrdMnSP-round1-p2,data/dataset/20230929035201-ummm-bn6-vs-DthKrdMnSP-round1-p2/actions.jsonl,invert,early:left1>=left0*1.25,0,10,10,10,True,
20231013004114-annular-bn6-vs-DthKrdMnSP-round2-p1,data/dataset/20231013004114-annular-bn6-vs-DthKrdMnSP-round2-p1/actions.jsonl,keep,early:left0>=left1*1.25,10,0,10,10,False,
20231013004621-annular-bn6-vs-DthKrdMnSP-round1-p1,data/dataset/20231013004621-annular-bn6-vs-DthKrdMnSP-round1-p1/actions.jsonl,keep,early:left0>=left1*1.25,10,0,10,10,False,
20230929014832-ummm-bn6-vs-DthKrdMnSP-round1-p2,data/dataset/20230929014832-ummm-bn6-vs-DthKrdMnSP-round1-p2/actions.jsonl,invert,early:left1>=left0*1.25,0,10,10,10,True,
20230929023540-ummm-bn6-vs-BiohazrdMnSP-round2-p2,data/dataset/20230929023540-ummm-bn6-vs-BiohazrdMnSP-round2-p2/actions.jsonl,invert,early:left1>=left0*1.25,0,10,10,10,True,
20231013005323-annular-bn6-vs-DthKrdMnSP-round2-p1,data/dataset/20231013005323-annular-bn6-vs-DthKrdMnSP-round2-p1/actions.jsonl,keep,early:left0>=left1*1.25,10,0,10,10,False,
20230929011053-ummm-bn6-vs-DthKrdMnSP-round2-p2,data/dataset/20230929011053-ummm-bn6-vs-DthKrdMnSP-round2-p2/actions.jsonl,invert,early:left1>=left0*1.25,0,10,10,10,True,
20231006023650-lunazoeshelbz-bn6-vs-BiohazrdMnSP-round1-p2,data/dataset/20231006023650-lunazoeshelbz-bn6-vs-BiohazrdMnSP-round1-p2/actions.jsonl,invert,early:left1>=left0*1.25,0,10,10,10,True,
20231013010720-annular-bn6-vs-IndianaOrz-round1-p1,data/dataset/20231013010720-annular-bn6-vs-IndianaOrz-round1-p1/actions.jsonl,keep,early:left0>=left1*1.25,10,0,10,10,False,
20231006023901-lunazoeshelbz-bn6-vs-BiohazrdMnSP-round2-p2,data/dataset/20231006023901-lunazoeshelbz-bn6-vs-BiohazrdMnSP-round2-p2/actions.jsonl,invert,early:left1>=left0*1.25,0,10,10,10,True,
20230929005054-ummm-bn6-vs-DthKrdMnSP-round3-p2,data/dataset/20230929005054-ummm-bn6-vs-DthKrdMnSP-round3-p2/actions.jsonl,invert,early:left1>=left0*1.25,0,10,10,10,True,
20231006011014-lunazoe-bn6-vs-DthKrdMnSP-round2-p2,data/dataset/20231006011014-lunazoe-bn6-vs-DthKrdMnSP-round2-p2/actions.jsonl,invert,early:left1>=left0*1.25,0,10,10,10,True,
20230929025233-ummm-bn6-vs-IndianaOrz-round1-p2,data/dataset/20230929025233-ummm-bn6-vs-IndianaOrz-round1-p2/actions.jsonl,invert,early:left1>=left0*1.25,0,10,10,10,True,
20231013011506-annular-bn6-vs-DthKrdMnSP-round2-p1,data/dataset/20231013011506-annular-bn6-vs-DthKrdMnSP-round2-p1/actions.jsonl,keep,early:left0>=left1*1.25,10,0,10,10,False,
20230929023813-ummm-bn6-vs-BiohazrdMnSP-round1-p2,data/dataset/20230929023813-ummm-bn6-vs-BiohazrdMnSP-round1-p2/actions.jsonl,invert,early:left1>=left0*1.25,0,10,10,10,True,
20230929025517-ummm-bn6-vs-DthKrdMnSP-round2-p2,data/dataset/20230929025517-ummm-bn6-vs-DthKrdMnSP-round2-p2/actions.jsonl,invert,early:left1>=left0*1.25,0,10,10,10,True,
20231013012725-annular-bn6-vs-IndianaOrz-round2-p2,data/dataset/20231013012725-annular-bn6-vs-IndianaOrz-round2-p2/actions.jsonl,keep,early:left0>=left1*1.25,10,0,10,10,False,
20231013012355-annular-bn6-vs-DthKrdMnSP-round1-p1,data/dataset/20231013012355-annular-bn6-vs-DthKrdMnSP-round1-p1/actions.jsonl,keep,early:left0>=left1*1.25,10,0,10,10,False,
20231013013155-annular-bn6-vs-IndianaOrz-round3-p1,data/dataset/20231013013155-annular-bn6-vs-IndianaOrz-round3-p1/actions.jsonl,keep,early:left0>=left1*1.25,10,0,10,10,False,
20231013014618-annular-bn6-vs-BiohazrdMnSP-round1-p1,data/dataset/20231013014618-annular-bn6-vs-BiohazrdMnSP-round1-p1/actions.jsonl,keep,early:left0>=left1*1.25,10,0,10,10,False,
20231013012726-annular-bn6-vs-DthKrdMnSP-round2-p1,data/dataset/20231013012726-annular-bn6-vs-DthKrdMnSP-round2-p1/actions.jsonl,keep,early:left0>=left1*1.25,10,0,10,10,False,
20231006015300-lunazoe-bn6-vs-DthKrdMnSP-round2-p2,data/dataset/20231006015300-lunazoe-bn6-vs-DthKrdMnSP-round2-p2/actions.jsonl,invert,early:left1>=left0*1.25,0,10,10,10,True,
20231013015431-annular-bn6-vs-BiohazrdMnSP-round1-p1,data/dataset/20231013015431-annular-bn6-vs-BiohazrdMnSP-round1-p1/actions.jsonl,keep,early:left0>=left1*1.25,10,0,10,10,False,
20231013020948-annular-bn6-vs-BiohazrdMnSP-round2-p1,data/dataset/20231013020948-annular-bn6-vs-BiohazrdMnSP-round2-p1/actions.jsonl,keep,early:left0>=left1*1.25,10,0,10,10,False,
20230929040359-ummm-bn6-vs-DthKrdMnSP-round2-p2,data/dataset/20230929040359-ummm-bn6-vs-DthKrdMnSP-round2-p2/actions.jsonl,invert,early:left1>=left0*1.25,0,10,10,10,True,
20231013020033-annular-bn6-vs-BiohazrdMnSP-round2-p1,data/dataset/20231013020033-annular-bn6-vs-BiohazrdMnSP-round2-p1/actions.jsonl,keep,early:left0>=left1*1.25,10,0,10,10,False,
20231006034813-lunazoeshelbz-bn6-vs-BiohazrdMnSP-round3-p2,data/dataset/20231006034813-lunazoeshelbz-bn6-vs-BiohazrdMnSP-round3-p2/actions.jsonl,invert,early:left1>=left0*1.25,0,10,10,10,True,
20230929040359-ummm-bn6-vs-IndianaOrz-round2-p1,data/dataset/20230929040359-ummm-bn6-vs-IndianaOrz-round2-p1/actions.jsonl,invert,early:left1>=left0*1.25,0,10,10,10,True,
20231013022743-annular-bn6-vs-BiohazrdMnSP-round3-p1,data/dataset/20231013022743-annular-bn6-vs-BiohazrdMnSP-round3-p1/actions.jsonl,keep,early:left0>=left1*1.25,10,0,10,10,False,
20230929004740-ummm-bn6-vs-IndianaOrz-round2-p2,data/dataset/20230929004740-ummm-bn6-vs-IndianaOrz-round2-p2/actions.jsonl,invert,early:left1>=left0*1.25,0,10,10,10,True,
20230929015052-ummm-bn6-vs-DthKrdMnSP-round2-p2,data/dataset/20230929015052-ummm-bn6-vs-DthKrdMnSP-round2-p2/actions.jsonl,invert,early:left1>=left0*1.25,0,10,10,10,True,
20231013025006-annular-bn6-vs-BiohazrdMnSP-round1-p1,data/dataset/20231013025006-annular-bn6-vs-BiohazrdMnSP-round1-p1/actions.jsonl,keep,early:left0>=left1*1.25,10,0,10,10,False,
20231013022039-annular-bn6-vs-BiohazrdMnSP-round1-p2,data/dataset/20231013022039-annular-bn6-vs-BiohazrdMnSP-round1-p2/actions.jsonl,keep,early:left0>=left1*1.25,10,0,10,10,False,
20231013022351-annular-bn6-vs-BiohazrdMnSP-round2-p2,data/dataset/20231013022351-annular-bn6-vs-BiohazrdMnSP-round2-p2/actions.jsonl,keep,early:left0>=left1*1.25,10,0,10,10,False,
20231013030933-annular-bn6-vs-BiohazrdMnSP-round2-p1,data/dataset/20231013030933-annular-bn6-vs-BiohazrdMnSP-round2-p1/actions.jsonl,keep,early:left0>=left1*1.25,10,0,10,10,False,
20231013030401-annular-bn6-vs-BiohazrdMnSP-round1-p1,data/dataset/20231013030401-annular-bn6-vs-BiohazrdMnSP-round1-p1/actions.jsonl,keep,early:left0>=left1*1.25,10,0,10,10,False,
20230929010731-ummm-bn6-vs-DthKrdMnSP-round1-p2,data/dataset/20230929010731-ummm-bn6-vs-DthKrdMnSP-round1-p2/actions.jsonl,invert,early:left1>=left0*1.25,0,10,10,10,True,
20231013032344-annular-bn6-vs-BiohazrdMnSP-round2-p1,data/dataset/20231013032344-annular-bn6-vs-BiohazrdMnSP-round2-p1/actions.jsonl,keep,early:left0>=left1*1.25,10,0,10,10,False,
20230929024438-ummm-bn6-vs-BiohazrdMnSP-round1-p2,data/dataset/20230929024438-ummm-bn6-vs-BiohazrdMnSP-round1-p2/actions.jsonl,invert,early:left1>=left0*1.25,0,10,10,10,True,
20230929021937-ummm-bn6-vs-BiohazrdMnSP-round2-p2,data/dataset/20230929021937-ummm-bn6-vs-BiohazrdMnSP-round2-p2/actions.jsonl,invert,early:left1>=left0*1.25,0,10,10,10,True,
20230929024105-ummm-bn6-vs-BiohazrdMnSP-round2-p2,data/dataset/20230929024105-ummm-bn6-vs-BiohazrdMnSP-round2-p2/actions.jsonl,invert,early:left1>=left0*1.25,0,10,10,10,True,
20231006010703-lunazoe-bn6-vs-DthKrdMnSP-round1-p2,data/dataset/20231006010703-lunazoe-bn6-vs-DthKrdMnSP-round1-p2/actions.jsonl,invert,early:left1>=left0*1.25,0,10,10,10,True,
20231013033357-annular-bn6-vs-BiohazrdMnSP-round2-p1,data/dataset/20231013033357-annular-bn6-vs-BiohazrdMnSP-round2-p1/actions.jsonl,keep,early:left0>=left1*1.25,10,0,10,10,False,
20231006012008-lunazoe-bn6-vs-IndianaOrz-round3-p2,data/dataset/20231006012008-lunazoe-bn6-vs-IndianaOrz-round3-p2/actions.jsonl,invert,early:left1>=left0*1.25,0,10,10,10,True,
20231013034446-annular-bn6-vs-BiohazrdMnSP-round1-p1,data/dataset/20231013034446-annular-bn6-vs-BiohazrdMnSP-round1-p1/actions.jsonl,keep,early:left0>=left1*1.25,10,0,10,10,False,
20230929035359-ummm-bn6-vs-DthKrdMnSP-round2-p2,data/dataset/20230929035359-ummm-bn6-vs-DthKrdMnSP-round2-p2/actions.jsonl,invert,early:left1>=left0*1.25,0,10,10,10,True,
20231006024326-lunazoeshelbz-bn6-vs-BiohazrdMnSP-round2-p2,data/dataset/20231006024326-lunazoeshelbz-bn6-vs-BiohazrdMnSP-round2-p2/actions.jsonl,invert,early:left1>=left0*1.25,0,10,10,10,True,
20230929023209-ummm-bn6-vs-BiohazrdMnSP-round1-p2,data/dataset/20230929023209-ummm-bn6-vs-BiohazrdMnSP-round1-p2/actions.jsonl,invert,early:left1>=left0*1.25,0,10,10,10,True,
20231020013333-watsonx-bn6-vs-DthKrdMnSP-round1-p1,data/dataset/20231020013333-watsonx-bn6-vs-DthKrdMnSP-round1-p1/actions.jsonl,keep,early:left0>=left1*1.25,10,0,10,10,False,
20231006015542-lunazoe-bn6-vs-IndianaOrz-round3-p2,data/dataset/20231006015542-lunazoe-bn6-vs-IndianaOrz-round3-p2/actions.jsonl,invert,early:left1>=left0*1.25,0,10,10,10,True,
20231020011821-watsonx-bn6-vs-DthKrdMnSP-round1-p1,data/dataset/20231020011821-watsonx-bn6-vs-DthKrdMnSP-round1-p1/actions.jsonl,keep,early:left0>=left1*1.25,10,0,10,10,False,
20231020012615-watsonx-bn6-vs-DthKrdMnSP-round2-p1,data/dataset/20231020012615-watsonx-bn6-vs-DthKrdMnSP-round2-p1/actions.jsonl,keep,early:left0>=left1*1.25,10,0,10,10,False,
20231006012409-lunazoe-bn6-vs-DthKrdMnSP-round1-p2,data/dataset/20231006012409-lunazoe-bn6-vs-DthKrdMnSP-round1-p2/actions.jsonl,invert,early:left1>=left0*1.25,0,10,10,10,True,
20230929024752-ummm-bn6-vs-BiohazrdMnSP-round2-p2,data/dataset/20230929024752-ummm-bn6-vs-BiohazrdMnSP-round2-p2/actions.jsonl,invert,early:left1>=left0*1.25,0,10,10,10,True,
20231020015038-watsonx-bn6-vs-DthKrdMnSP-round2-p1,data/dataset/20231020015038-watsonx-bn6-vs-DthKrdMnSP-round2-p1/actions.jsonl,keep,early:left0>=left1*1.25,10,0,10,10,False,
20231020013928-watsonx-bn6-vs-DthKrdMnSP-round2-p1,data/dataset/20231020013928-watsonx-bn6-vs-DthKrdMnSP-round2-p1/actions.jsonl,keep,early:left0>=left1*1.25,10,0,10,10,False,
20231020015704-watsonx-bn6-vs-IndianaOrz-round1-p1,data/dataset/20231020015704-watsonx-bn6-vs-IndianaOrz-round1-p1/actions.jsonl,keep,early:left0>=left1*1.25,10,0,10,10,False,
20231020014512-watsonx-bn6-vs-IndianaOrz-round1-p1,data/dataset/20231020014512-watsonx-bn6-vs-IndianaOrz-round1-p1/actions.jsonl,keep,early:left0>=left1*1.25,10,0,10,10,False,
20231020014512-watsonx-bn6-vs-DthKrdMnSP-round1-p2,data/dataset/20231020014512-watsonx-bn6-vs-DthKrdMnSP-round1-p2/actions.jsonl,keep,early:left0>=left1*1.25,10,0,10,10,False,
20231020020253-watsonx-bn6-vs-DthKrdMnSP-round2-p1,data/dataset/20231020020253-watsonx-bn6-vs-DthKrdMnSP-round2-p1/actions.jsonl,keep,early:left0>=left1*1.25,10,0,10,10,False,
20231006012734-lunazoe-bn6-vs-DthKrdMnSP-round2-p2,data/dataset/20231006012734-lunazoe-bn6-vs-DthKrdMnSP-round2-p2/actions.jsonl,invert,early:left1>=left0*1.25,0,10,10,10,True,
20231020021126-watsonx-bn6-vs-BiohazrdMnSP-round1-p1,data/dataset/20231020021126-watsonx-bn6-vs-BiohazrdMnSP-round1-p1/actions.jsonl,keep,early:left0>=left1*1.25,10,0,10,10,False,
20231020022114-watsonx-bn6-vs-BiohazrdMnSP-round1-p1,data/dataset/20231020022114-watsonx-bn6-vs-BiohazrdMnSP-round1-p1/actions.jsonl,keep,early:left0>=left1*1.25,10,0,10,10,False,
20231020022504-watsonx-bn6-vs-BiohazrdMnSP-round2-p1,data/dataset/20231020022504-watsonx-bn6-vs-BiohazrdMnSP-round2-p1/actions.jsonl,keep,early:left0>=left1*1.25,10,0,10,10,False,
20231006034146-lunazoeshelbz-bn6-vs-BiohazrdMnSP-round1-p2,data/dataset/20231006034146-lunazoeshelbz-bn6-vs-BiohazrdMnSP-round1-p2/actions.jsonl,invert,early:left1>=left0*1.25,0,10,10,10,True,
20230929040011-ummm-bn6-vs-IndianaOrz-round1-p2,data/dataset/20230929040011-ummm-bn6-vs-IndianaOrz-round1-p2/actions.jsonl,invert,early:left1>=left0*1.25,0,10,10,10,True,
20231020024137-watsonx-bn6-vs-BiohazrdMnSP-round2-p1,data/dataset/20231020024137-watsonx-bn6-vs-BiohazrdMnSP-round2-p1/actions.jsonl,keep,early:left0>=left1*1.25,10,0,10,10,False,
20231020023722-watsonx-bn6-vs-BiohazrdMnSP-round1-p1,data/dataset/20231020023722-watsonx-bn6-vs-BiohazrdMnSP-round1-p1/actions.jsonl,keep,early:left0>=left1*1.25,10,0,10,10,False,
20230929012420-ummm-bn6-vs-BiohazrdMnSP-round2-p2,data/dataset/20230929012420-ummm-bn6-vs-BiohazrdMnSP-round2-p2/actions.jsonl,invert,early:left1>=left0*1.25,0,10,10,10,True,
20231020024942-watsonx-bn6-vs-BiohazrdMnSP-round2-p1,data/dataset/20231020024942-watsonx-bn6-vs-BiohazrdMnSP-round2-p1/actions.jsonl,keep,early:left0>=left1*1.25,10,0,10,10,False,
20231020030435-watsonx-bn6-vs-BiohazrdMnSP-round2-p1,data/dataset/20231020030435-watsonx-bn6-vs-BiohazrdMnSP-round2-p1/actions.jsonl,keep,early:left0>=left1*1.25,10,0,10,10,False,
20231020030825-watsonx-bn6-vs-BiohazrdMnSP-round1-p1,data/dataset/20231020030825-watsonx-bn6-vs-BiohazrdMnSP-round1-p1/actions.jsonl,keep,early:left0>=left1*1.25,10,0,10,10,False,
20230929005408-ummm-bn6-vs-DthKrdMnSP-round1-p2,data/dataset/20230929005408-ummm-bn6-vs-DthKrdMnSP-round1-p2/actions.jsonl,invert,early:left1>=left0*1.25,0,10,10,10,True,
20231006011605-lunazoe-bn6-vs-DthKrdMnSP-round2-p2,data/dataset/20231006011605-lunazoe-bn6-vs-DthKrdMnSP-round2-p2/actions.jsonl,invert,early:left1>=left0*1.25,0,10,10,10,True,
20230929041708-ummm-bn6-vs-BiohazrdMnSP-round3-p2,data/dataset/20230929041708-ummm-bn6-vs-BiohazrdMnSP-round3-p2/actions.jsonl,invert,early:left1>=left0*1.25,0,10,10,10,True,
20231020031627-watsonx-bn6-vs-BiohazrdMnSP-round2-p1,data/dataset/20231020031627-watsonx-bn6-vs-BiohazrdMnSP-round2-p1/actions.jsonl,keep,early:left0>=left1*1.25,10,0,10,10,False,
20231020033057-watsonx-bn6-vs-BiohazrdMnSP-round1-p1,data/dataset/20231020033057-watsonx-bn6-vs-BiohazrdMnSP-round1-p1/actions.jsonl,keep,early:left0>=left1*1.25,10,0,10,10,False,
20231006033529-lunazoeshelbz-bn6-vs-BiohazrdMnSP-round2-p2,data/dataset/20231006033529-lunazoeshelbz-bn6-vs-BiohazrdMnSP-round2-p2/actions.jsonl,invert,early:left1>=left0*1.25,0,10,10,10,True,
20230929021227-ummm-bn6-vs-BiohazrdMnSP-round2-p2,data/dataset/20230929021227-ummm-bn6-vs-BiohazrdMnSP-round2-p2/actions.jsonl,invert,early:left1>=left0*1.25,0,10,10,10,True,
20231020034842-watsonx-bn6-vs-BiohazrdMnSP-round2-p1,data/dataset/20231020034842-watsonx-bn6-vs-BiohazrdMnSP-round2-p1/actions.jsonl,keep,early:left0>=left1*1.25,10,0,10,10,False,
20231006031918-lunazoeshelbz-bn6-vs-BiohazrdMnSP-round3-p2,data/dataset/20231006031918-lunazoeshelbz-bn6-vs-BiohazrdMnSP-round3-p2/actions.jsonl,invert,early:left1>=left0*1.25,0,10,10,10,True,
20230929005832-ummm-bn6-vs-DthKrdMnSP-round2-p2,data/dataset/20230929005832-ummm-bn6-vs-DthKrdMnSP-round2-p2/actions.jsonl,invert,early:left1>=left0*1.25,0,10,10,10,True,
20231020040323-watsonx-bn6-vs-BiohazrdMnSP-round2-p1,data/dataset/20231020040323-watsonx-bn6-vs-BiohazrdMnSP-round2-p1/actions.jsonl,keep,early:left0>=left1*1.25,10,0,10,10,False,
20230929040830-ummm-bn6-vs-BiohazrdMnSP-round1-p2,data/dataset/20230929040830-ummm-bn6-vs-BiohazrdMnSP-round1-p2/actions.jsonl,invert,early:left1>=left0*1.25,0,10,10,10,True,
20231020035733-watsonx-bn6-vs-BiohazrdMnSP-round1-p1,data/dataset/20231020035733-watsonx-bn6-vs-BiohazrdMnSP-round1-p1/actions.jsonl,keep,early:left0>=left1*1.25,10,0,10,10,False,
20231006023131-lunazoeshelbz-bn6-vs-BiohazrdMnSP-round2-p2,data/dataset/20231006023131-lunazoeshelbz-bn6-vs-BiohazrdMnSP-round2-p2/actions.jsonl,invert,early:left1>=left0*1.25,0,10,10,10,True,
20231023014745-timechamber-bn6-vs-BiohazrdMnSP-round2-p1,data/dataset/20231023014745-timechamber-bn6-vs-BiohazrdMnSP-round2-p1/actions.jsonl,keep,early:left0>=left1*1.25,10,0,10,10,False,
20231023020116-timechamber-bn6-vs-BiohazrdMnSP-round2-p1,data/dataset/20231023020116-timechamber-bn6-vs-BiohazrdMnSP-round2-p1/actions.jsonl,keep,early:left0>=left1*1.25,10,0,10,10,False,
20231013003736-annular-bn6-vs-IndianaOrz-round1-p2,data/dataset/20231013003736-annular-bn6-vs-IndianaOrz-round1-p2/actions.jsonl,invert,early:left1>=left0*1.25,0,10,10,10,True,
20231023014221-timechamber-bn6-vs-BiohazrdMnSP-round1-p1,data/dataset/20231023014221-timechamber-bn6-vs-BiohazrdMnSP-round1-p1/actions.jsonl,keep,early:left0>=left1*1.25,10,0,10,10,False,
20230929020733-ummm-bn6-vs-BiohazrdMnSP-round1-p2,data/dataset/20230929020733-ummm-bn6-vs-BiohazrdMnSP-round1-p2/actions.jsonl,invert,early:left1>=left0*1.25,0,10,10,10,True,
20231023021937-timechamber-bn6-vs-BiohazrdMnSP-round1-p1,data/dataset/20231023021937-timechamber-bn6-vs-BiohazrdMnSP-round1-p1/actions.jsonl,keep,early:left0>=left1*1.25,10,0,10,10,False,
20231006022649-lunazoeshelbz-bn6-vs-BiohazrdMnSP-round1-p2,data/dataset/20231006022649-lunazoeshelbz-bn6-vs-BiohazrdMnSP-round1-p2/actions.jsonl,invert,early:left1>=left0*1.25,0,10,10,10,True,
20231023022404-timechamber-bn6-vs-BiohazrdMnSP-round2-p1,data/dataset/20231023022404-timechamber-bn6-vs-BiohazrdMnSP-round2-p1/actions.jsonl,keep,early:left0>=left1*1.25,10,0,10,10,False,
20230929004225-ummm-bn6-vs-IndianaOrz-round1-p2,data/dataset/20230929004225-ummm-bn6-vs-IndianaOrz-round1-p2/actions.jsonl,invert,early:left1>=left0*1.25,0,10,10,10,True,
20231013021636-annular-bn6-vs-BiohazrdMnSP-round3-p2,data/dataset/20231013021636-annular-bn6-vs-BiohazrdMnSP-round3-p2/actions.jsonl,invert,early:left1>=left0*1.25,0,10,10,10,True,
20231013013155-annular-bn6-vs-DthKrdMnSP-round3-p2,data/dataset/20231013013155-annular-bn6-vs-DthKrdMnSP-round3-p2/actions.jsonl,invert,early:left1>=left0*1.25,0,10,10,10,True,
20231023031124-timechamber-bn6-vs-BiohazrdMnSP-round2-p1,data/dataset/20231023031124-timechamber-bn6-vs-BiohazrdMnSP-round2-p1/actions.jsonl,keep,early:left0>=left1*1.25,10,0,10,10,False,
20231006021343-lunazoeshelbz-bn6-vs-BiohazrdMnSP-round1-p2,data/dataset/20231006021343-lunazoeshelbz-bn6-vs-BiohazrdMnSP-round1-p2/actions.jsonl,invert,early:left1>=left0*1.25,0,10,10,10,True,
20231013033101-annular-bn6-vs-BiohazrdMnSP-round1-p2,data/dataset/20231013033101-annular-bn6-vs-BiohazrdMnSP-round1-p2/actions.jsonl,invert,early:left1>=left0*1.25,0,10,10,10,True,
20231023035437-timechamber-bn6-vs-BiohazrdMnSP-round2-p1,data/dataset/20231023035437-timechamber-bn6-vs-BiohazrdMnSP-round2-p1/actions.jsonl,keep,early:left0>=left1*1.25,10,0,10,10,False,
20231023040156-timechamber-bn6-vs-BiohazrdMnSP-round1-p1,data/dataset/20231023040156-timechamber-bn6-vs-BiohazrdMnSP-round1-p1/actions.jsonl,keep,early:left0>=left1*1.25,10,0,10,10,False,
20231023040532-timechamber-bn6-vs-BiohazrdMnSP-round2-p1,data/dataset/20231023040532-timechamber-bn6-vs-BiohazrdMnSP-round2-p1/actions.jsonl,keep,early:left0>=left1*1.25,10,0,10,10,False,
20231013012355-annular-bn6-vs-IndianaOrz-round1-p2,data/dataset/20231013012355-annular-bn6-vs-IndianaOrz-round1-p2/actions.jsonl,invert,early:left1>=left0*1.25,0,10,10,10,True,
20231023040938-timechamber-bn6-vs-BiohazrdMnSP-round3-p2,data/dataset/20231023040938-timechamber-bn6-vs-BiohazrdMnSP-round3-p2/actions.jsonl,keep,early:left0>=left1*1.25,10,0,10,10,False,
20231013023524-annular-bn6-vs-BiohazrdMnSP-round1-p2,data/dataset/20231013023524-annular-bn6-vs-BiohazrdMnSP-round1-p2/actions.jsonl,invert,early:left1>=left0*1.25,0,10,10,10,True,
20231013035926-annular-bn6-vs-BiohazrdMnSP-round2-p2,data/dataset/20231013035926-annular-bn6-vs-BiohazrdMnSP-round2-p2/actions.jsonl,invert,early:left1>=left0*1.25,0,10,10,10,True,
20231013032013-annular-bn6-vs-BiohazrdMnSP-round1-p2,data/dataset/20231013032013-annular-bn6-vs-BiohazrdMnSP-round1-p2/actions.jsonl,invert,early:left1>=left0*1.25,0,10,10,10,True,
20231013032641-annular-bn6-vs-BiohazrdMnSP-round3-p2,data/dataset/20231013032641-annular-bn6-vs-BiohazrdMnSP-round3-p2/actions.jsonl,invert,early:left1>=left0*1.25,0,10,10,10,True,
20231027004322-bustinviruses-bn6-vs-IndianaOrz-round1-p1,data/dataset/20231027004322-bustinviruses-bn6-vs-IndianaOrz-round1-p1/actions.jsonl,keep,early:left0>=left1*1.25,10,0,10,10,False,
20231027004848-bustinviruses-bn6-vs-IndianaOrz-round2-p1,data/dataset/20231027004848-bustinviruses-bn6-vs-IndianaOrz-round2-p1/actions.jsonl,keep,early:left0>=left1*1.25,10,0,10,10,False,
20231020013928-watsonx-bn6-vs-IndianaOrz-round2-p2,data/dataset/20231020013928-watsonx-bn6-vs-IndianaOrz-round2-p2/actions.jsonl,invert,early:left1>=left0*1.25,0,10,10,10,True,
20231013023859-annular-bn6-vs-BiohazrdMnSP-round2-p2,data/dataset/20231013023859-annular-bn6-vs-BiohazrdMnSP-round2-p2/actions.jsonl,invert,early:left1>=left0*1.25,0,10,10,10,True,
20231013004114-annular-bn6-vs-IndianaOrz-round2-p2,data/dataset/20231013004114-annular-bn6-vs-IndianaOrz-round2-p2/actions.jsonl,invert,early:left1>=left0*1.25,0,10,10,10,True,
20231020025552-watsonx-bn6-vs-BiohazrdMnSP-round3-p2,data/dataset/20231020025552-watsonx-bn6-vs-BiohazrdMnSP-round3-p2/actions.jsonl,invert,early:left1>=left0*1.25,0,10,10,10,True,
20231027005319-bustinviruses-bn6-vs-IndianaOrz-round1-p1,data/dataset/20231027005319-bustinviruses-bn6-vs-IndianaOrz-round1-p1/actions.jsonl,keep,early:left0>=left1*1.25,10,0,10,10,False,
20231027005513-bustinviruses-bn6-vs-IndianaOrz-round2-p1,data/dataset/20231027005513-bustinviruses-bn6-vs-IndianaOrz-round2-p1/actions.jsonl,keep,early:left0>=left1*1.25,10,0,10,10,False,
20231023015404-timechamber-bn6-vs-BiohazrdMnSP-round3-p2,data/dataset/20231023015404-timechamber-bn6-vs-BiohazrdMnSP-round3-p2/actions.jsonl,invert,early:left1>=left0*1.25,0,10,10,10,True,
20231013005323-annular-bn6-vs-IndianaOrz-round2-p2,data/dataset/20231013005323-annular-bn6-vs-IndianaOrz-round2-p2/actions.jsonl,invert,early:left1>=left0*1.25,0,10,10,10,True,
20231027010125-bustinviruses-bn6-vs-DthKrdMnSP-round1-p1,data/dataset/20231027010125-bustinviruses-bn6-vs-DthKrdMnSP-round1-p1/actions.jsonl,keep,early:left0>=left1*1.25,10,0,10,10,False,
20231027010546-bustinviruses-bn6-vs-IndianaOrz-round2-p1,data/dataset/20231027010546-bustinviruses-bn6-vs-IndianaOrz-round2-p1/actions.jsonl,keep,early:left0>=left1*1.25,10,0,10,10,False,
20231027011200-bustinviruses-bn6-vs-DthKrdMnSP-round1-p1,data/dataset/20231027011200-bustinviruses-bn6-vs-DthKrdMnSP-round1-p1/actions.jsonl,keep,early:left0>=left1*1.25,10,0,10,10,False,
20231013020518-annular-bn6-vs-BiohazrdMnSP-round1-p2,data/dataset/20231013020518-annular-bn6-vs-BiohazrdMnSP-round1-p2/actions.jsonl,invert,early:left1>=left0*1.25,0,10,10,10,True,
20231027011545-bustinviruses-bn6-vs-IndianaOrz-round2-p1,data/dataset/20231027011545-bustinviruses-bn6-vs-IndianaOrz-round2-p1/actions.jsonl,keep,early:left0>=left1*1.25,10,0,10,10,False,
20231013035510-annular-bn6-vs-BiohazrdMnSP-round1-p2,data/dataset/20231013035510-annular-bn6-vs-BiohazrdMnSP-round1-p2/actions.jsonl,invert,early:left1>=left0*1.25,0,10,10,10,True,
20231027012810-bustinviruses-bn6-vs-BiohazrdMnSP-round2-p1,data/dataset/20231027012810-bustinviruses-bn6-vs-BiohazrdMnSP-round2-p1/actions.jsonl,keep,early:left0>=left1*1.25,10,0,10,10,False,
20231027012411-bustinviruses-bn6-vs-BiohazrdMnSP-round1-p1,data/dataset/20231027012411-bustinviruses-bn6-vs-BiohazrdMnSP-round1-p1/actions.jsonl,keep,early:left0>=left1*1.25,10,0,10,10,False,
20231013034941-annular-bn6-vs-BiohazrdMnSP-round2-p2,data/dataset/20231013034941-annular-bn6-vs-BiohazrdMnSP-round2-p2/actions.jsonl,invert,early:left1>=left0*1.25,0,10,10,10,True,
20231020021627-watsonx-bn6-vs-BiohazrdMnSP-round2-p2,data/dataset/20231020021627-watsonx-bn6-vs-BiohazrdMnSP-round2-p2/actions.jsonl,invert,early:left1>=left0*1.25,0,10,10,10,True,
20231020035327-watsonx-bn6-vs-BiohazrdMnSP-round3-p2,data/dataset/20231020035327-watsonx-bn6-vs-BiohazrdMnSP-round3-p2/actions.jsonl,invert,early:left1>=left0*1.25,0,10,10,10,True,
20231027015420-bustinviruses-bn6-vs-BiohazrdMnSP-round1-p1,data/dataset/20231027015420-bustinviruses-bn6-vs-BiohazrdMnSP-round1-p1/actions.jsonl,keep,early:left0>=left1*1.25,10,0,10,10,False,
20231020032114-watsonx-bn6-vs-BiohazrdMnSP-round1-p2,data/dataset/20231020032114-watsonx-bn6-vs-BiohazrdMnSP-round1-p2/actions.jsonl,invert,early:left1>=left0*1.25,0,10,10,10,True,
20231027015815-bustinviruses-bn6-vs-BiohazrdMnSP-round2-p1,data/dataset/20231027015815-bustinviruses-bn6-vs-BiohazrdMnSP-round2-p1/actions.jsonl,keep,early:left0>=left1*1.25,10,0,10,10,False,
20231027020136-bustinviruses-bn6-vs-BiohazrdMnSP-round1-p1,data/dataset/20231027020136-bustinviruses-bn6-vs-BiohazrdMnSP-round1-p1/actions.jsonl,keep,early:left0>=left1*1.25,10,0,10,10,False,
20231027021707-bustinviruses-bn6-vs-BiohazrdMnSP-round1-p1,data/dataset/20231027021707-bustinviruses-bn6-vs-BiohazrdMnSP-round1-p1/actions.jsonl,keep,early:left0>=left1*1.25,10,0,10,10,False,
20231027022536-bustinviruses-bn6-vs-BiohazrdMnSP-round3-p1,data/dataset/20231027022536-bustinviruses-bn6-vs-BiohazrdMnSP-round3-p1/actions.jsonl,keep,early:left0>=left1*1.25,10,0,10,10,False,
20231020020253-watsonx-bn6-vs-IndianaOrz-round2-p2,data/dataset/20231020020253-watsonx-bn6-vs-IndianaOrz-round2-p2/actions.jsonl,invert,early:left1>=left0*1.25,0,10,10,10,True,
20231020024525-watsonx-bn6-vs-BiohazrdMnSP-round1-p2,data/dataset/20231020024525-watsonx-bn6-vs-BiohazrdMnSP-round1-p2/actions.jsonl,invert,early:left1>=left0*1.25,0,10,10,10,True,
20231023015741-timechamber-bn6-vs-BiohazrdMnSP-round1-p2,data/dataset/20231023015741-timechamber-bn6-vs-BiohazrdMnSP-round1-p2/actions.jsonl,invert,early:left1>=left0*1.25,0,10,10,10,True,
20231027024051-bustinviruses-bn6-vs-BiohazrdMnSP-round3-p1,data/dataset/20231027024051-bustinviruses-bn6-vs-BiohazrdMnSP-round3-p1/actions.jsonl,keep,early:left0>=left1*1.25,10,0,10,10,False,
20231023023912-timechamber-bn6-vs-BiohazrdMnSP-round1-p2,data/dataset/20231023023912-timechamber-bn6-vs-BiohazrdMnSP-round1-p2/actions.jsonl,invert,early:left1>=left0*1.25,0,10,10,10,True,
20231027024949-bustinviruses-bn6-vs-BiohazrdMnSP-round2-p1,data/dataset/20231027024949-bustinviruses-bn6-vs-BiohazrdMnSP-round2-p1/actions.jsonl,keep,early:left0>=left1*1.25,10,0,10,10,False,
20231027024837-bustinviruses-bn6-vs-BiohazrdMnSP-round1-p2,data/dataset/20231027024837-bustinviruses-bn6-vs-BiohazrdMnSP-round1-p2/actions.jsonl,keep,early:left0>=left1*1.25,10,0,10,10,False,
20231027025700-bustinviruses-bn6-vs-BiohazrdMnSP-round2-p1,data/dataset/20231027025700-bustinviruses-bn6-vs-BiohazrdMnSP-round2-p1/actions.jsonl,keep,early:left0>=left1*1.25,10,0,10,10,False,
20231013031305-annular-bn6-vs-BiohazrdMnSP-round3-p2,data/dataset/20231013031305-annular-bn6-vs-BiohazrdMnSP-round3-p2/actions.jsonl,invert,early:left1>=left0*1.25,0,10,10,10,True,
20231027030949-bustinviruses-bn6-vs-BiohazrdMnSP-round3-p1,data/dataset/20231027030949-bustinviruses-bn6-vs-BiohazrdMnSP-round3-p1/actions.jsonl,keep,early:left0>=left1*1.25,10,0,10,10,False,
20231020015038-watsonx-bn6-vs-IndianaOrz-round2-p2,data/dataset/20231020015038-watsonx-bn6-vs-IndianaOrz-round2-p2/actions.jsonl,invert,early:left1>=left0*1.25,0,10,10,10,True,
20231027005319-bustinviruses-bn6-vs-DthKrdMnSP-round1-p2,data/dataset/20231027005319-bustinviruses-bn6-vs-DthKrdMnSP-round1-p2/actions.jsonl,invert,early:left1>=left0*1.25,0,10,10,10,True,
20231020025937-watsonx-bn6-vs-BiohazrdMnSP-round1-p2,data/dataset/20231020025937-watsonx-bn6-vs-BiohazrdMnSP-round1-p2/actions.jsonl,invert,early:left1>=left0*1.25,0,10,10,10,True,
20231023024234-timechamber-bn6-vs-BiohazrdMnSP-round2-p2,data/dataset/20231023024234-timechamber-bn6-vs-BiohazrdMnSP-round2-p2/actions.jsonl,invert,early:left1>=left0*1.25,0,10,10,10,True,
20231027031714-bustinviruses-bn6-vs-BiohazrdMnSP-round2-p1,data/dataset/20231027031714-bustinviruses-bn6-vs-BiohazrdMnSP-round2-p1/actions.jsonl,keep,early:left0>=left1*1.25,10,0,10,10,False,
20231027033116-bustinviruses-bn6-vs-BiohazrdMnSP-round1-p1,data/dataset/20231027033116-bustinviruses-bn6-vs-BiohazrdMnSP-round1-p1/actions.jsonl,keep,early:left0>=left1*1.25,10,0,10,10,False,
20231027033654-bustinviruses-bn6-vs-BiohazrdMnSP-round2-p1,data/dataset/20231027033654-bustinviruses-bn6-vs-BiohazrdMnSP-round2-p1/actions.jsonl,keep,early:left0>=left1*1.25,10,0,10,10,False,
20231027034840-bustinviruses-bn6-vs-BiohazrdMnSP-round2-p1,data/dataset/20231027034840-bustinviruses-bn6-vs-BiohazrdMnSP-round2-p1/actions.jsonl,keep,early:left0>=left1*1.25,10,0,10,10,False,
20231027034513-bustinviruses-bn6-vs-BiohazrdMnSP-round1-p1,data/dataset/20231027034513-bustinviruses-bn6-vs-BiohazrdMnSP-round1-p1/actions.jsonl,keep,early:left0>=left1*1.25,10,0,10,10,False,
20231013004621-annular-bn6-vs-IndianaOrz-round1-p2,data/dataset/20231013004621-annular-bn6-vs-IndianaOrz-round1-p2/actions.jsonl,invert,early:left1>=left0*1.25,0,10,10,10,True,
20231023035132-timechamber-bn6-vs-BiohazrdMnSP-round1-p2,data/dataset/20231023035132-timechamber-bn6-vs-BiohazrdMnSP-round1-p2/actions.jsonl,invert,early:left1>=left0*1.25,0,10,10,10,True,
20231027035953-bustinviruses-bn6-vs-BiohazrdMnSP-round1-p1,data/dataset/20231027035953-bustinviruses-bn6-vs-BiohazrdMnSP-round1-p1/actions.jsonl,keep,early:left0>=left1*1.25,10,0,10,10,False,
20231027040425-bustinviruses-bn6-vs-BiohazrdMnSP-round2-p1,data/dataset/20231027040425-bustinviruses-bn6-vs-BiohazrdMnSP-round2-p1/actions.jsonl,keep,early:left0>=left1*1.25,10,0,10,10,False,
20231027041435-bustinviruses-bn6-vs-BiohazrdMnSP-round1-p1,data/dataset/20231027041435-bustinviruses-bn6-vs-BiohazrdMnSP-round1-p1/actions.jsonl,keep,early:left0>=left1*1.25,10,0,10,10,False,
20231020015704-watsonx-bn6-vs-DthKrdMnSP-round1-p2,data/dataset/20231020015704-watsonx-bn6-vs-DthKrdMnSP-round1-p2/actions.jsonl,invert,early:left1>=left0*1.25,0,10,10,10,True,
20231027042130-bustinviruses-bn6-vs-BiohazrdMnSP-round2-p1,data/dataset/20231027042130-bustinviruses-bn6-vs-BiohazrdMnSP-round2-p1/actions.jsonl,keep,early:left0>=left1*1.25,10,0,10,10,False,
20231020013333-watsonx-bn6-vs-IndianaOrz-round1-p2,data/dataset/20231020013333-watsonx-bn6-vs-IndianaOrz-round1-p2/actions.jsonl,invert,early:left1>=left0*1.25,0,10,10,10,True,
20231020023115-watsonx-bn6-vs-BiohazrdMnSP-round3-p2,data/dataset/20231020023115-watsonx-bn6-vs-BiohazrdMnSP-round3-p2/actions.jsonl,invert,early:left1>=left0*1.25,0,10,10,10,True,
20231103021415-aubreyisamonster-bn6-vs-BiohazrdMnSP-round1-p1,data/dataset/20231103021415-aubreyisamonster-bn6-vs-BiohazrdMnSP-round1-p1/actions.jsonl,keep,early:left0>=left1*1.25,10,0,10,10,False,
20231103021758-aubreyisamonster-bn6-vs-BiohazrdMnSP-round2-p1,data/dataset/20231103021758-aubreyisamonster-bn6-vs-BiohazrdMnSP-round2-p1/actions.jsonl,keep,early:left0>=left1*1.25,10,0,10,10,False,
20231023030121-timechamber-bn6-vs-BiohazrdMnSP-round2-p2,data/dataset/20231023030121-timechamber-bn6-vs-BiohazrdMnSP-round2-p2/actions.jsonl,invert,early:left1>=left0*1.25,0,10,10,10,True,
20231103020820-aubreyisamonster-bn6-vs-BiohazrdMnSP-round3-p1,data/dataset/20231103020820-aubreyisamonster-bn6-vs-BiohazrdMnSP-round3-p1/actions.jsonl,keep,early:left0>=left1*1.25,10,0,10,10,False,
20231103023705-aubreyisamonster-bn6-vs-BiohazrdMnSP-round2-p2,data/dataset/20231103023705-aubreyisamonster-bn6-vs-BiohazrdMnSP-round2-p2/actions.jsonl,unclear,votes<10,0,0,0,0,False,
20231020033618-watsonx-bn6-vs-BiohazrdMnSP-round2-p2,data/dataset/20231020033618-watsonx-bn6-vs-BiohazrdMnSP-round2-p2/actions.jsonl,invert,early:left1>=left0*1.25,0,10,10,10,True,
20231023021422-timechamber-bn6-vs-BiohazrdMnSP-round2-p2,data/dataset/20231023021422-timechamber-bn6-vs-BiohazrdMnSP-round2-p2/actions.jsonl,invert,early:left1>=left0*1.25,0,10,10,10,True,
20231103023001-aubreyisamonster-bn6-vs-BiohazrdMnSP-round1-p1,data/dataset/20231103023001-aubreyisamonster-bn6-vs-BiohazrdMnSP-round1-p1/actions.jsonl,keep,early:left0>=left1*1.25,10,0,10,10,False,
20231027005513-bustinviruses-bn6-vs-DthKrdMnSP-round2-p2,data/dataset/20231027005513-bustinviruses-bn6-vs-DthKrdMnSP-round2-p2/actions.jsonl,invert,early:left1>=left0*1.25,0,10,10,10,True,
20231103025227-aubreyisamonster-bn6-vs-BiohazrdMnSP-round3-p1,data/dataset/20231103025227-aubreyisamonster-bn6-vs-BiohazrdMnSP-round3-p1/actions.jsonl,keep,early:left0>=left1*1.25,10,0,10,10,False,
20231103025815-aubreyisamonster-bn6-vs-BiohazrdMnSP-round1-p1,data/dataset/20231103025815-aubreyisamonster-bn6-vs-BiohazrdMnSP-round1-p1/actions.jsonl,keep,early:left0>=left1*1.25,10,0,10,10,False,
20231013033651-annular-bn6-vs-BiohazrdMnSP-round3-p2,data/dataset/20231013033651-annular-bn6-vs-BiohazrdMnSP-round3-p2/actions.jsonl,invert,early:left1>=left0*1.25,0,10,10,10,True,
20231020032452-watsonx-bn6-vs-BiohazrdMnSP-round2-p2,data/dataset/20231020032452-watsonx-bn6-vs-BiohazrdMnSP-round2-p2/actions.jsonl,invert,early:left1>=left0*1.25,0,10,10,10,True,
20231023041815-timechamber-bn6-vs-BiohazrdMnSP-round2-p2,data/dataset/20231023041815-timechamber-bn6-vs-BiohazrdMnSP-round2-p2/actions.jsonl,invert,early:left1>=left0*1.25,0,10,10,10,True,
20231103031959-aubreyisamonster-bn6-vs-BiohazrdMnSP-round1-p1,data/dataset/20231103031959-aubreyisamonster-bn6-vs-BiohazrdMnSP-round1-p1/actions.jsonl,keep,early:left0>=left1*1.25,10,0,10,10,False,
20231103030943-aubreyisamonster-bn6-vs-IndianaOrz-round1-p1,data/dataset/20231103030943-aubreyisamonster-bn6-vs-IndianaOrz-round1-p1/actions.jsonl,keep,early:left0>=left1*1.25,10,0,10,10,False,
20231027004848-bustinviruses-bn6-vs-DthKrdMnSP-round2-p2,data/dataset/20231027004848-bustinviruses-bn6-vs-DthKrdMnSP-round2-p2/actions.jsonl,invert,early:left1>=left0*1.25,0,10,10,10,True,
20231103033056-aubreyisamonster-bn6-vs-BiohazrdMnSP-round3-p1,data/dataset/20231103033056-aubreyisamonster-bn6-vs-BiohazrdMnSP-round3-p1/actions.jsonl,keep,early:left0>=left1*1.25,10,0,10,10,False,
20231103033945-aubreyisamonster-bn6-vs-BiohazrdMnSP-round1-p1,data/dataset/20231103033945-aubreyisamonster-bn6-vs-BiohazrdMnSP-round1-p1/actions.jsonl,keep,early:left0>=left1*1.25,10,0,10,10,False,
20231103034340-aubreyisamonster-bn6-vs-BiohazrdMnSP-round2-p1,data/dataset/20231103034340-aubreyisamonster-bn6-vs-BiohazrdMnSP-round2-p1/actions.jsonl,keep,early:left0>=left1*1.25,10,0,10,10,False,
20231103031535-aubreyisamonster-bn6-vs-IndianaOrz-round2-p1,data/dataset/20231103031535-aubreyisamonster-bn6-vs-IndianaOrz-round2-p1/actions.jsonl,keep,early:left0>=left1*1.25,10,0,10,10,False,
20231020012615-watsonx-bn6-vs-IndianaOrz-round2-p2,data/dataset/20231020012615-watsonx-bn6-vs-IndianaOrz-round2-p2/actions.jsonl,invert,early:left1>=left0*1.25,0,10,10,10,True,
20231103035518-aubreyisamonster-bn6-vs-BiohazrdMnSP-round1-p1,data/dataset/20231103035518-aubreyisamonster-bn6-vs-BiohazrdMnSP-round1-p1/actions.jsonl,keep,early:left0>=left1*1.25,10,0,10,10,False,
20231103042606-aubreyisamonster-bn6-vs-BiohazrdMnSP-round1-p1,data/dataset/20231103042606-aubreyisamonster-bn6-vs-BiohazrdMnSP-round1-p1/actions.jsonl,keep,early:left0>=left1*1.25,10,0,10,10,False,
20231103041412-aubreyisamonster-bn6-vs-BiohazrdMnSP-round3-p1,data/dataset/20231103041412-aubreyisamonster-bn6-vs-BiohazrdMnSP-round3-p1/actions.jsonl,keep,early:left0>=left1*1.25,10,0,10,10,False,
20231103042958-aubreyisamonster-bn6-vs-BiohazrdMnSP-round2-p1,data/dataset/20231103042958-aubreyisamonster-bn6-vs-BiohazrdMnSP-round2-p1/actions.jsonl,keep,early:left0>=left1*1.25,10,0,10,10,False,
20231013010720-annular-bn6-vs-DthKrdMnSP-round1-p2,data/dataset/20231013010720-annular-bn6-vs-DthKrdMnSP-round1-p2/actions.jsonl,invert,early:left1>=left0*1.25,0,10,10,10,True,
20231013011506-annular-bn6-vs-IndianaOrz-round2-p2,data/dataset/20231013011506-annular-bn6-vs-IndianaOrz-round2-p2/actions.jsonl,invert,early:left1>=left0*1.25,0,10,10,10,True,
20231110023908-friedeggs-bn6-vs-BiohazrdMnSP-round2-p1,data/dataset/20231110023908-friedeggs-bn6-vs-BiohazrdMnSP-round2-p1/actions.jsonl,keep,early:left0>=left1*1.25,10,0,10,10,False,
20231013025521-annular-bn6-vs-BiohazrdMnSP-round2-p2,data/dataset/20231013025521-annular-bn6-vs-BiohazrdMnSP-round2-p2/actions.jsonl,invert,early:left1>=left0*1.25,0,10,10,10,True,
20231110030117-friedeggs-bn6-vs-BiohazrdMnSP-round2-p1,data/dataset/20231110030117-friedeggs-bn6-vs-BiohazrdMnSP-round2-p1/actions.jsonl,keep,early:left0>=left1*1.25,10,0,10,10,False,
20231110031308-friedeggs-bn6-vs-BiohazrdMnSP-round2-p1,data/dataset/20231110031308-friedeggs-bn6-vs-BiohazrdMnSP-round2-p1/actions.jsonl,keep,early:left0>=left1*1.25,10,0,10,10,False,
20231027014255-bustinviruses-bn6-vs-BiohazrdMnSP-round1-p2,data/dataset/20231027014255-bustinviruses-bn6-vs-BiohazrdMnSP-round1-p2/actions.jsonl,invert,early:left1>=left0*1.25,0,10,10,10,True,
20231020034215-watsonx-bn6-vs-BiohazrdMnSP-round1-p2,data/dataset/20231020034215-watsonx-bn6-vs-BiohazrdMnSP-round1-p2/actions.jsonl,invert,early:left1>=left0*1.25,0,10,10,20,True,
20231110033315-friedeggs-bn6-vs-BiohazrdMnSP-round2-p1,data/dataset/20231110033315-friedeggs-bn6-vs-BiohazrdMnSP-round2-p1/actions.jsonl,keep,early:left0>=left1*1.25,10,0,10,10,False,
20231110025038-friedeggs-bn6-vs-BiohazrdMnSP-round1-p2,data/dataset/20231110025038-friedeggs-bn6-vs-BiohazrdMnSP-round1-p2/actions.jsonl,unclear,votes<10,0,0,0,0,False,
20231110033858-friedeggs-bn6-vs-BiohazrdMnSP-round1-p1,data/dataset/20231110033858-friedeggs-bn6-vs-BiohazrdMnSP-round1-p1/actions.jsonl,keep,early:left0>=left1*1.25,10,0,10,10,False,
20231110040302-friedeggs-bn6-vs-BiohazrdMnSP-round1-p1,data/dataset/20231110040302-friedeggs-bn6-vs-BiohazrdMnSP-round1-p1/actions.jsonl,keep,early:left0>=left1*1.25,10,0,10,10,False,
20231020040951-watsonx-bn6-vs-BiohazrdMnSP-round3-p2,data/dataset/20231020040951-watsonx-bn6-vs-BiohazrdMnSP-round3-p2/actions.jsonl,invert,early:left1>=left0*1.25,0,10,10,10,True,
20231027010546-bustinviruses-bn6-vs-DthKrdMnSP-round2-p2,data/dataset/20231027010546-bustinviruses-bn6-vs-DthKrdMnSP-round2-p2/actions.jsonl,invert,early:left1>=left0*1.25,0,10,10,10,True,
20231027011200-bustinviruses-bn6-vs-IndianaOrz-round1-p2,data/dataset/20231027011200-bustinviruses-bn6-vs-IndianaOrz-round1-p2/actions.jsonl,invert,early:left1>=left0*1.25,0,10,10,10,True,
20231110040652-friedeggs-bn6-vs-BiohazrdMnSP-round2-p1,data/dataset/20231110040652-friedeggs-bn6-vs-BiohazrdMnSP-round2-p1/actions.jsonl,keep,early:left0>=left1*1.25,10,0,10,10,False,
20231110034602-friedeggs-bn6-vs-BiohazrdMnSP-round2-p1,data/dataset/20231110034602-friedeggs-bn6-vs-BiohazrdMnSP-round2-p1/actions.jsonl,keep,early:left0>=left1*1.25,10,0,10,10,False,
20231110042136-friedeggs-bn6-vs-BiohazrdMnSP-round1-p1,data/dataset/20231110042136-friedeggs-bn6-vs-BiohazrdMnSP-round1-p1/actions.jsonl,keep,early:left0>=left1*1.25,10,0,10,10,False,
20231027013803-bustinviruses-bn6-vs-BiohazrdMnSP-round2-p2,data/dataset/20231027013803-bustinviruses-bn6-vs-BiohazrdMnSP-round2-p2/actions.jsonl,invert,early:left1>=left0*1.25,0,10,10,10,True,
20231110044530-friedeggs-bn6-vs-BiohazrdMnSP-round3-p1,data/dataset/20231110044530-friedeggs-bn6-vs-BiohazrdMnSP-round3-p1/actions.jsonl,keep,early:left0>=left1*1.25,10,0,10,10,False,
20231110044941-friedeggs-bn6-vs-BiohazrdMnSP-round1-p1,data/dataset/20231110044941-friedeggs-bn6-vs-BiohazrdMnSP-round1-p1/actions.jsonl,keep,early:left0>=left1*1.25,10,0,10,10,False,
20231110043406-friedeggs-bn6-vs-BiohazrdMnSP-round1-p1,data/dataset/20231110043406-friedeggs-bn6-vs-BiohazrdMnSP-round1-p1/actions.jsonl,keep,early:left0>=left1*1.25,10,0,10,10,False,
20231110042607-friedeggs-bn6-vs-BiohazrdMnSP-round2-p1,data/dataset/20231110042607-friedeggs-bn6-vs-BiohazrdMnSP-round2-p1/actions.jsonl,keep,early:left0>=left1*1.25,10,0,10,10,False,
20231023030550-timechamber-bn6-vs-BiohazrdMnSP-round1-p2,data/dataset/20231023030550-timechamber-bn6-vs-BiohazrdMnSP-round1-p2/actions.jsonl,invert,early:left1>=left0*1.25,0,10,10,10,True,
20231117024120-errands-bn6-vs-IndianaOrz-round1-p1,data/dataset/20231117024120-errands-bn6-vs-IndianaOrz-round1-p1/actions.jsonl,keep,early:left0>=left1*1.25,10,0,10,10,False,
20231117024604-errands-bn6-vs-IndianaOrz-round2-p1,data/dataset/20231117024604-errands-bn6-vs-IndianaOrz-round2-p1/actions.jsonl,keep,early:left0>=left1*1.25,10,0,10,10,False,
20231117025814-errands-bn6-vs-IndianaOrz-round2-p1,data/dataset/20231117025814-errands-bn6-vs-IndianaOrz-round2-p1/actions.jsonl,keep,early:left0>=left1*1.25,10,0,10,10,False,
20231020011821-watsonx-bn6-vs-IndianaOrz-round1-p2,data/dataset/20231020011821-watsonx-bn6-vs-IndianaOrz-round1-p2/actions.jsonl,invert,early:left1>=left0*1.25,0,10,10,10,True,
20231117035348-errands-bn6-vs-BiohazrdMnSP-round1-p1,data/dataset/20231117035348-errands-bn6-vs-BiohazrdMnSP-round1-p1/actions.jsonl,keep,early:left0>=left1*1.25,10,0,10,10,False,
20231027010125-bustinviruses-bn6-vs-IndianaOrz-round1-p2,data/dataset/20231027010125-bustinviruses-bn6-vs-IndianaOrz-round1-p2/actions.jsonl,invert,early:left1>=left0*1.25,0,10,10,10,True,
20231117031927-errands-bn6-vs-IndianaOrz-round3-p1,data/dataset/20231117031927-errands-bn6-vs-IndianaOrz-round3-p1/actions.jsonl,keep,early:left0>=left1*1.25,10,0,10,10,False,
20231023041307-timechamber-bn6-vs-BiohazrdMnSP-round1-p2,data/dataset/20231023041307-timechamber-bn6-vs-BiohazrdMnSP-round1-p2/actions.jsonl,invert,early:left1>=left0*1.25,0,10,10,10,True,
20231117040808-errands-bn6-vs-BiohazrdMnSP-round1-p2,data/dataset/20231117040808-errands-bn6-vs-BiohazrdMnSP-round1-p2/actions.jsonl,keep,early:left0>=left1*1.25,10,0,10,10,False,
20231117035745-errands-bn6-vs-BiohazrdMnSP-round2-p1,data/dataset/20231117035745-errands-bn6-vs-BiohazrdMnSP-round2-p1/actions.jsonl,keep,early:left0>=left1*1.25,10,0,10,10,False,
20231117042941-errands-bn6-vs-BiohazrdMnSP-round2-p1,data/dataset/20231117042941-errands-bn6-vs-BiohazrdMnSP-round2-p1/actions.jsonl,keep,early:left0>=left1*1.25,10,0,10,10,False,
20231117043624-errands-bn6-vs-BiohazrdMnSP-round1-p1,data/dataset/20231117043624-errands-bn6-vs-BiohazrdMnSP-round1-p1/actions.jsonl,keep,early:left0>=left1*1.25,10,0,10,10,False,
20231117042400-errands-bn6-vs-BiohazrdMnSP-round1-p1,data/dataset/20231117042400-errands-bn6-vs-BiohazrdMnSP-round1-p1/actions.jsonl,keep,early:left0>=left1*1.25,10,0,10,10,False,
20231117041909-errands-bn6-vs-BiohazrdMnSP-round3-p1,data/dataset/20231117041909-errands-bn6-vs-BiohazrdMnSP-round3-p1/actions.jsonl,keep,early:left0>=left1*1.25,10,0,10,10,False,
20240315015352-brebre-bn6-vs-BiohazrdMnSP-round2-p1,data/dataset/20240315015352-brebre-bn6-vs-BiohazrdMnSP-round2-p1/actions.jsonl,keep,early:left0>=left1*1.25,10,0,10,10,False,
20240315020247-brebre-bn6-vs-BiohazrdMnSP-round1-p1,data/dataset/20240315020247-brebre-bn6-vs-BiohazrdMnSP-round1-p1/actions.jsonl,keep,early:left0>=left1*1.25,10,0,10,10,False,
20231117044338-errands-bn6-vs-BiohazrdMnSP-round2-p1,data/dataset/20231117044338-errands-bn6-vs-BiohazrdMnSP-round2-p1/actions.jsonl,keep,early:left0>=left1*1.25,10,0,10,10,False,
20240315020613-brebre-bn6-vs-BiohazrdMnSP-round2-p1,data/dataset/20240315020613-brebre-bn6-vs-BiohazrdMnSP-round2-p1/actions.jsonl,keep,early:left0>=left1*1.25,10,0,10,10,False,
20231023022921-timechamber-bn6-vs-BiohazrdMnSP-round3-p2,data/dataset/20231023022921-timechamber-bn6-vs-BiohazrdMnSP-round3-p2/actions.jsonl,invert,early:left1>=left0*1.25,0,10,10,10,True,
20240315022059-brebre-bn6-vs-BiohazrdMnSP-round2-p1,data/dataset/20240315022059-brebre-bn6-vs-BiohazrdMnSP-round2-p1/actions.jsonl,keep,early:left0>=left1*1.25,10,0,10,10,False,
20231027031408-bustinviruses-bn6-vs-BiohazrdMnSP-round1-p2,data/dataset/20231027031408-bustinviruses-bn6-vs-BiohazrdMnSP-round1-p2/actions.jsonl,invert,early:left1>=left0*1.25,0,10,10,10,True,
20240315021347-brebre-bn6-vs-BiohazrdMnSP-round1-p1,data/dataset/20240315021347-brebre-bn6-vs-BiohazrdMnSP-round1-p1/actions.jsonl,keep,early:left0>=left1*1.25,10,0,10,10,False,
20240315022559-brebre-bn6-vs-BiohazrdMnSP-round1-p2,data/dataset/20240315022559-brebre-bn6-vs-BiohazrdMnSP-round1-p2/actions.jsonl,keep,early:left0>=left1*1.25,10,0,10,10,False,
20240315024207-brebre-bn6-vs-BiohazrdMnSP-round3-p1,data/dataset/20240315024207-brebre-bn6-vs-BiohazrdMnSP-round3-p1/actions.jsonl,keep,early:left0>=left1*1.25,10,0,10,10,False,
20240315030533-brebre-bn6-vs-BiohazrdMnSP-round1-p1,data/dataset/20240315030533-brebre-bn6-vs-BiohazrdMnSP-round1-p1/actions.jsonl,keep,early:left0>=left1*1.25,10,0,10,10,False,
20240315025152-brebre-bn6-vs-BiohazrdMnSP-round1-p1,data/dataset/20240315025152-brebre-bn6-vs-BiohazrdMnSP-round1-p1/actions.jsonl,keep,early:left0>=left1*1.25,10,0,10,10,False,
20240315031050-brebre-bn6-vs-BiohazrdMnSP-round2-p2,data/dataset/20240315031050-brebre-bn6-vs-BiohazrdMnSP-round2-p2/actions.jsonl,keep,early:left0>=left1*1.25,10,0,10,10,False,
20240315025917-brebre-bn6-vs-BiohazrdMnSP-round2-p1,data/dataset/20240315025917-brebre-bn6-vs-BiohazrdMnSP-round2-p1/actions.jsonl,keep,early:left0>=left1*1.25,10,0,10,10,False,
20231027025935-bustinviruses-bn6-vs-BiohazrdMnSP-round1-p2,data/dataset/20231027025935-bustinviruses-bn6-vs-BiohazrdMnSP-round1-p2/actions.jsonl,invert,early:left1>=left0*1.25,0,10,10,10,True,
20231027004322-bustinviruses-bn6-vs-DthKrdMnSP-round1-p2,data/dataset/20231027004322-bustinviruses-bn6-vs-DthKrdMnSP-round1-p2/actions.jsonl,invert,early:left1>=left0*1.25,0,10,10,10,True,
20231023042923-timechamber-bn6-vs-BiohazrdMnSP-round2-p2,data/dataset/20231023042923-timechamber-bn6-vs-BiohazrdMnSP-round2-p2/actions.jsonl,invert,early:left1>=left0*1.25,0,10,10,10,True,
20231027035344-bustinviruses-bn6-vs-BiohazrdMnSP-round3-p2,data/dataset/20231027035344-bustinviruses-bn6-vs-BiohazrdMnSP-round3-p2/actions.jsonl,invert,early:left1>=left0*1.25,0,10,10,10,True,
20240322015509-zoezoe-bn6-vs-BiohazrdMnSP-round3-p1,data/dataset/20240322015509-zoezoe-bn6-vs-BiohazrdMnSP-round3-p1/actions.jsonl,keep,early:left0>=left1*1.25,10,0,10,10,False,
20240315033413-brebre-bn6-vs-BiohazrdMnSP-round3-p1,data/dataset/20240315033413-brebre-bn6-vs-BiohazrdMnSP-round3-p1/actions.jsonl,keep,early:left0>=left1*1.25,10,0,10,10,False,
20231027022939-bustinviruses-bn6-vs-BiohazrdMnSP-round1-p2,data/dataset/20231027022939-bustinviruses-bn6-vs-BiohazrdMnSP-round1-p2/actions.jsonl,invert,early:left1>=left0*1.25,0,10,10,10,True,
20231027020635-bustinviruses-bn6-vs-BiohazrdMnSP-round2-p2,data/dataset/20231027020635-bustinviruses-bn6-vs-BiohazrdMnSP-round2-p2/actions.jsonl,invert,early:left1>=left0*1.25,0,10,10,10,True,
20240322021208-zoezoe-bn6-vs-BiohazrdMnSP-round2-p1,data/dataset/20240322021208-zoezoe-bn6-vs-BiohazrdMnSP-round2-p1/actions.jsonl,keep,early:left0>=left1*1.25,10,0,10,10,False,
20240322013915-zoezoe-bn6-vs-BiohazrdMnSP-round1-p1,data/dataset/20240322013915-zoezoe-bn6-vs-BiohazrdMnSP-round1-p1/actions.jsonl,keep,early:left0>=left1*1.25,10,0,10,10,False,
20240322023347-zoezoe-bn6-vs-BiohazrdMnSP-round1-p2,data/dataset/20240322023347-zoezoe-bn6-vs-BiohazrdMnSP-round1-p2/actions.jsonl,keep,early:left0>=left1*1.25,10,0,10,10,False,
20240322023620-zoezoe-bn6-vs-BiohazrdMnSP-round2-p1,data/dataset/20240322023620-zoezoe-bn6-vs-BiohazrdMnSP-round2-p1/actions.jsonl,keep,early:left0>=left1*1.25,10,0,10,10,False,
20240322021715-zoezoe-bn6-vs-BiohazrdMnSP-round1-p1,data/dataset/20240322021715-zoezoe-bn6-vs-BiohazrdMnSP-round1-p1/actions.jsonl,keep,early:left0>=left1*1.25,10,0,10,10,False,
20231027025252-bustinviruses-bn6-vs-BiohazrdMnSP-round1-p2,data/dataset/20231027025252-bustinviruses-bn6-vs-BiohazrdMnSP-round1-p2/actions.jsonl,invert,early:left1>=left0*1.25,0,10,10,10,True,
20240322022318-zoezoe-bn6-vs-BiohazrdMnSP-round2-p1,data/dataset/20240322022318-zoezoe-bn6-vs-BiohazrdMnSP-round2-p1/actions.jsonl,keep,early:left0>=left1*1.25,10,0,10,10,False,
20240322033206-zoezoe-bn6-vs-BiohazrdMnSP-round1-p1,data/dataset/20240322033206-zoezoe-bn6-vs-BiohazrdMnSP-round1-p1/actions.jsonl,keep,early:left0>=left1*1.25,10,0,10,10,False,
20240322030809-zoezoe-bn6-vs-BiohazrdMnSP-round2-p1,data/dataset/20240322030809-zoezoe-bn6-vs-BiohazrdMnSP-round2-p1/actions.jsonl,keep,early:left0>=left1*1.25,10,0,10,10,False,
20240322024700-zoezoe-bn6-vs-BiohazrdMnSP-round2-p1,data/dataset/20240322024700-zoezoe-bn6-vs-BiohazrdMnSP-round2-p1/actions.jsonl,keep,early:left0>=left1*1.25,10,0,10,10,False,
20240322033751-zoezoe-bn6-vs-BiohazrdMnSP-round2-p1,data/dataset/20240322033751-zoezoe-bn6-vs-BiohazrdMnSP-round2-p1/actions.jsonl,keep,early:left0>=left1*1.25,10,0,10,10,False,
20240322032252-zoezoe-bn6-vs-BiohazrdMnSP-round2-p1,data/dataset/20240322032252-zoezoe-bn6-vs-BiohazrdMnSP-round2-p1/actions.jsonl,keep,early:left0>=left1*1.25,10,0,10,10,False,
20231023042242-timechamber-bn6-vs-BiohazrdMnSP-round1-p2,data/dataset/20231023042242-timechamber-bn6-vs-BiohazrdMnSP-round1-p2/actions.jsonl,invert,early:left1>=left0*1.25,0,10,10,10,True,
20240329021024-bathtubbaby-bn6-vs-BiohazrdMnSP-round2-p1,data/dataset/20240329021024-bathtubbaby-bn6-vs-BiohazrdMnSP-round2-p1/actions.jsonl,keep,early:left0>=left1*1.25,10,0,10,10,False,
20231023020609-timechamber-bn6-vs-BiohazrdMnSP-round1-p2,data/dataset/20231023020609-timechamber-bn6-vs-BiohazrdMnSP-round1-p2/actions.jsonl,invert,early:left1>=left0*1.25,0,10,10,10,True,
20231027013236-bustinviruses-bn6-vs-BiohazrdMnSP-round1-p2,data/dataset/20231027013236-bustinviruses-bn6-vs-BiohazrdMnSP-round1-p2/actions.jsonl,invert,early:left1>=left0*1.25,0,10,10,10,True,
20240329015757-bathtubbaby-bn6-vs-BiohazrdMnSP-round1-p1,data/dataset/20240329015757-bathtubbaby-bn6-vs-BiohazrdMnSP-round1-p1/actions.jsonl,unclear,votes<10,0,0,0,0,False,
20240329021654-bathtubbaby-bn6-vs-BiohazrdMnSP-round1-p1,data/dataset/20240329021654-bathtubbaby-bn6-vs-BiohazrdMnSP-round1-p1/actions.jsonl,keep,early:left0>=left1*1.25,10,0,10,10,False,
20231027011545-bustinviruses-bn6-vs-DthKrdMnSP-round2-p2,data/dataset/20231027011545-bustinviruses-bn6-vs-DthKrdMnSP-round2-p2/actions.jsonl,invert,early:left1>=left0*1.25,0,10,10,10,True,
20240329022932-bathtubbaby-bn6-vs-BiohazrdMnSP-round1-p1,data/dataset/20240329022932-bathtubbaby-bn6-vs-BiohazrdMnSP-round1-p1/actions.jsonl,keep,early:left0>=left1*1.25,10,0,10,10,False,
20240329032421-bathtubbaby-bn6-vs-BiohazrdMnSP-round1-p1,data/dataset/20240329032421-bathtubbaby-bn6-vs-BiohazrdMnSP-round1-p1/actions.jsonl,keep,early:left0>=left1*1.25,10,0,10,10,False,
20240329024252-bathtubbaby-bn6-vs-BiohazrdMnSP-round1-p1,data/dataset/20240329024252-bathtubbaby-bn6-vs-BiohazrdMnSP-round1-p1/actions.jsonl,keep,early:left0>=left1*1.25,10,0,10,10,False,
20240329023433-bathtubbaby-bn6-vs-BiohazrdMnSP-round2-p1,data/dataset/20240329023433-bathtubbaby-bn6-vs-BiohazrdMnSP-round2-p1/actions.jsonl,keep,early:left0>=left1*1.25,10,0,10,10,False,
20240329033027-bathtubbaby-bn6-vs-BiohazrdMnSP-round2-p1,data/dataset/20240329033027-bathtubbaby-bn6-vs-BiohazrdMnSP-round2-p1/actions.jsonl,keep,early:left0>=left1*1.25,10,0,10,10,False,
20240329030351-bathtubbaby-bn6-vs-BiohazrdMnSP-round3-p1,data/dataset/20240329030351-bathtubbaby-bn6-vs-BiohazrdMnSP-round3-p1/actions.jsonl,keep,early:left0>=left1*1.25,10,0,10,10,False,
20240329034204-bathtubbaby-bn6-vs-BiohazrdMnSP-round1-p1,data/dataset/20240329034204-bathtubbaby-bn6-vs-BiohazrdMnSP-round1-p1/actions.jsonl,keep,early:left0>=left1*1.25,10,0,10,10,False,
20240405014715-geddon-bn6-vs-BiohazrdMnSP-round2-p1,data/dataset/20240405014715-geddon-bn6-vs-BiohazrdMnSP-round2-p1/actions.jsonl,keep,early:left0>=left1*1.25,10,0,10,10,False,
20240329034648-bathtubbaby-bn6-vs-BiohazrdMnSP-round2-p1,data/dataset/20240329034648-bathtubbaby-bn6-vs-BiohazrdMnSP-round2-p1/actions.jsonl,keep,early:left0>=left1*1.25,10,0,10,10,False,
20240405015358-geddon-bn6-vs-BiohazrdMnSP-round1-p1,data/dataset/20240405015358-geddon-bn6-vs-BiohazrdMnSP-round1-p1/actions.jsonl,keep,early:left0>=left1*1.25,10,0,10,10,False,
20231027042452-bustinviruses-bn6-vs-BiohazrdMnSP-round3-p2,data/dataset/20231027042452-bustinviruses-bn6-vs-BiohazrdMnSP-round3-p2/actions.jsonl,invert,early:left1>=left0*1.25,0,10,10,10,True,
20240405020210-geddon-bn6-vs-BiohazrdMnSP-round2-p1,data/dataset/20240405020210-geddon-bn6-vs-BiohazrdMnSP-round2-p1/actions.jsonl,keep,early:left0>=left1*1.25,10,0,10,10,False,
20231027022013-bustinviruses-bn6-vs-BiohazrdMnSP-round2-p2,data/dataset/20231027022013-bustinviruses-bn6-vs-BiohazrdMnSP-round2-p2/actions.jsonl,invert,early:left1>=left0*1.25,0,10,10,10,True,
20240405021628-geddon-bn6-vs-BiohazrdMnSP-round1-p1,data/dataset/20240405021628-geddon-bn6-vs-BiohazrdMnSP-round1-p1/actions.jsonl,keep,early:left0>=left1*1.25,10,0,10,10,False,
20240405024451-geddon-bn6-vs-BiohazrdMnSP-round1-p1,data/dataset/20240405024451-geddon-bn6-vs-BiohazrdMnSP-round1-p1/actions.jsonl,keep,early:left0>=left1*1.25,10,0,10,10,False,
20240405024019-geddon-bn6-vs-BiohazrdMnSP-round3-p1,data/dataset/20240405024019-geddon-bn6-vs-BiohazrdMnSP-round3-p1/actions.jsonl,keep,early:left0>=left1*1.25,10,0,10,10,False,
20231027034020-bustinviruses-bn6-vs-BiohazrdMnSP-round3-p2,data/dataset/20231027034020-bustinviruses-bn6-vs-BiohazrdMnSP-round3-p2/actions.jsonl,invert,early:left1>=left0*1.25,0,10,10,10,True,
20240405024913-geddon-bn6-vs-BiohazrdMnSP-round2-p1,data/dataset/20240405024913-geddon-bn6-vs-BiohazrdMnSP-round2-p1/actions.jsonl,keep,early:left0>=left1*1.25,10,0,10,10,False,
20240405030118-geddon-bn6-vs-BiohazrdMnSP-round1-p2,data/dataset/20240405030118-geddon-bn6-vs-BiohazrdMnSP-round1-p2/actions.jsonl,keep,early:left0>=left1*1.25,10,0,10,10,False,
20240405031208-geddon-bn6-vs-BiohazrdMnSP-round3-p1,data/dataset/20240405031208-geddon-bn6-vs-BiohazrdMnSP-round3-p1/actions.jsonl,keep,early:left0>=left1*1.25,10,0,10,10,False,
20231103020350-aubreyisamonster-bn6-vs-BiohazrdMnSP-round2-p2,data/dataset/20231103020350-aubreyisamonster-bn6-vs-BiohazrdMnSP-round2-p2/actions.jsonl,invert,early:left1>=left0*1.25,0,10,10,10,True,
20231103031535-aubreyisamonster-bn6-vs-DthKrdMnSP-round2-p2,data/dataset/20231103031535-aubreyisamonster-bn6-vs-DthKrdMnSP-round2-p2/actions.jsonl,invert,early:left1>=left0*1.25,0,10,10,10,True,
20231103015930-aubreyisamonster-bn6-vs-BiohazrdMnSP-round1-p2,data/dataset/20231103015930-aubreyisamonster-bn6-vs-BiohazrdMnSP-round1-p2/actions.jsonl,invert,early:left1>=left0*1.25,0,10,10,10,True,
20231103032617-aubreyisamonster-bn6-vs-BiohazrdMnSP-round2-p2,data/dataset/20231103032617-aubreyisamonster-bn6-vs-BiohazrdMnSP-round2-p2/actions.jsonl,invert,early:left1>=left0*1.25,0,10,10,10,True,
20231110032232-friedeggs-bn6-vs-BiohazrdMnSP-round3-p2,data/dataset/20231110032232-friedeggs-bn6-vs-BiohazrdMnSP-round3-p2/actions.jsonl,invert,early:left1>=left0*1.25,0,10,10,10,True,
20231103030943-aubreyisamonster-bn6-vs-DthKrdMnSP-round1-p2,data/dataset/20231103030943-aubreyisamonster-bn6-vs-DthKrdMnSP-round1-p2/actions.jsonl,invert,early:left1>=left0*1.25,0,10,10,10,True,
20231027030319-bustinviruses-bn6-vs-BiohazrdMnSP-round2-p2,data/dataset/20231027030319-bustinviruses-bn6-vs-BiohazrdMnSP-round2-p2/actions.jsonl,invert,early:left1>=left0*1.25,0,10,10,10,True,
20240329022644-bathtubbaby-bn6-vs-BiohazrdMnSP-round2-p2,data/dataset/20240329022644-bathtubbaby-bn6-vs-BiohazrdMnSP-round2-p2/actions.jsonl,invert,early:left1>=left0*1.25,0,10,10,10,True,
20231027023346-bustinviruses-bn6-vs-BiohazrdMnSP-round2-p2,data/dataset/20231027023346-bustinviruses-bn6-vs-BiohazrdMnSP-round2-p2/actions.jsonl,invert,early:left1>=left0*1.25,0,10,10,10,True,
20231103034831-aubreyisamonster-bn6-vs-BiohazrdMnSP-round1-p2,data/dataset/20231103034831-aubreyisamonster-bn6-vs-BiohazrdMnSP-round1-p2/actions.jsonl,invert,early:left1>=left0*1.25,0,10,10,10,True,
20231027014556-bustinviruses-bn6-vs-BiohazrdMnSP-round2-p2,data/dataset/20231027014556-bustinviruses-bn6-vs-BiohazrdMnSP-round2-p2/actions.jsonl,invert,early:left1>=left0*1.25,0,10,10,10,True,
20231117025403-errands-bn6-vs-IndianaOrz-round1-p2,data/dataset/20231117025403-errands-bn6-vs-IndianaOrz-round1-p2/actions.jsonl,invert,early:left1>=left0*1.25,0,10,10,10,True,
20231027032419-bustinviruses-bn6-vs-BiohazrdMnSP-round3-p2,data/dataset/20231027032419-bustinviruses-bn6-vs-BiohazrdMnSP-round3-p2/actions.jsonl,invert,early:left1>=left0*1.25,0,10,10,10,True,
20231103030309-aubreyisamonster-bn6-vs-BiohazrdMnSP-round2-p2,data/dataset/20231103030309-aubreyisamonster-bn6-vs-BiohazrdMnSP-round2-p2/actions.jsonl,invert,early:left1>=left0*1.25,0,10,10,10,True,
20231103023853-aubreyisamonster-bn6-vs-BiohazrdMnSP-round1-p2,data/dataset/20231103023853-aubreyisamonster-bn6-vs-BiohazrdMnSP-round1-p2/actions.jsonl,invert,early:left1>=left0*1.25,0,10,10,10,True,
20231103022243-aubreyisamonster-bn6-vs-BiohazrdMnSP-round3-p2,data/dataset/20231103022243-aubreyisamonster-bn6-vs-BiohazrdMnSP-round3-p2/actions.jsonl,invert,early:left1>=left0*1.25,0,10,10,10,True,
20231117030721-errands-bn6-vs-IndianaOrz-round1-p2,data/dataset/20231117030721-errands-bn6-vs-IndianaOrz-round1-p2/actions.jsonl,invert,early:left1>=left0*1.25,0,10,10,10,True,
20231110032750-friedeggs-bn6-vs-BiohazrdMnSP-round1-p2,data/dataset/20231110032750-friedeggs-bn6-vs-BiohazrdMnSP-round1-p2/actions.jsonl,invert,early:left1>=left0*1.25,0,10,10,10,True,
20231103024534-aubreyisamonster-bn6-vs-BiohazrdMnSP-round2-p2,data/dataset/20231103024534-aubreyisamonster-bn6-vs-BiohazrdMnSP-round2-p2/actions.jsonl,invert,early:left1>=left0*1.25,0,10,10,10,True,
20240315014837-brebre-bn6-vs-BiohazrdMnSP-round1-p2,data/dataset/20240315014837-brebre-bn6-vs-BiohazrdMnSP-round1-p2/actions.jsonl,invert,early:left1>=left0*1.25,0,10,10,10,True,
20231110025449-friedeggs-bn6-vs-BiohazrdMnSP-round1-p2,data/dataset/20231110025449-friedeggs-bn6-vs-BiohazrdMnSP-round1-p2/actions.jsonl,invert,early:left1>=left0*1.25,0,10,10,10,True,
20240315032254-brebre-bn6-vs-BiohazrdMnSP-round1-p2,data/dataset/20240315032254-brebre-bn6-vs-BiohazrdMnSP-round1-p2/actions.jsonl,invert,early:left1>=left0*1.25,0,10,10,10,True,
20240405023547-geddon-bn6-vs-BiohazrdMnSP-round2-p2,data/dataset/20240405023547-geddon-bn6-vs-BiohazrdMnSP-round2-p2/actions.jsonl,invert,early:left1>=left0*1.25,0,10,10,10,True,
20231110043833-friedeggs-bn6-vs-BiohazrdMnSP-round2-p2,data/dataset/20231110043833-friedeggs-bn6-vs-BiohazrdMnSP-round2-p2/actions.jsonl,invert,early:left1>=left0*1.25,0,10,10,10,True,
20240322024119-zoezoe-bn6-vs-BiohazrdMnSP-round1-p2,data/dataset/20240322024119-zoezoe-bn6-vs-BiohazrdMnSP-round1-p2/actions.jsonl,invert,early:left1>=left0*1.25,0,10,10,10,True,
20240315032813-brebre-bn6-vs-BiohazrdMnSP-round2-p2,data/dataset/20240315032813-brebre-bn6-vs-BiohazrdMnSP-round2-p2/actions.jsonl,invert,early:left1>=left0*1.25,0,10,10,10,True,
20240405022422-geddon-bn6-vs-BiohazrdMnSP-round2-p2,data/dataset/20240405022422-geddon-bn6-vs-BiohazrdMnSP-round2-p2/actions.jsonl,invert,early:left1>=left0*1.25,0,10,10,10,True,
20231110023115-friedeggs-bn6-vs-BiohazrdMnSP-round1-p2,data/dataset/20231110023115-friedeggs-bn6-vs-BiohazrdMnSP-round1-p2/actions.jsonl,invert,early:left1>=left0*1.25,0,10,10,10,True,
20231110045525-friedeggs-bn6-vs-BiohazrdMnSP-round2-p2,data/dataset/20231110045525-friedeggs-bn6-vs-BiohazrdMnSP-round2-p2/actions.jsonl,invert,early:left1>=left0*1.25,0,10,10,10,True,
20240405023023-geddon-bn6-vs-BiohazrdMnSP-round1-p2,data/dataset/20240405023023-geddon-bn6-vs-BiohazrdMnSP-round1-p2/actions.jsonl,invert,early:left1>=left0*1.25,0,10,10,10,True,
20240322031646-zoezoe-bn6-vs-BiohazrdMnSP-round1-p2,data/dataset/20240322031646-zoezoe-bn6-vs-BiohazrdMnSP-round1-p2/actions.jsonl,invert,early:left1>=left0*1.25,0,10,10,10,True,
20231117045213-errands-bn6-vs-BiohazrdMnSP-round3-p2,data/dataset/20231117045213-errands-bn6-vs-BiohazrdMnSP-round3-p2/actions.jsonl,invert,early:left1>=left0*1.25,0,10,10,10,True,
20240329033503-bathtubbaby-bn6-vs-BiohazrdMnSP-round3-p2,data/dataset/20240329033503-bathtubbaby-bn6-vs-BiohazrdMnSP-round3-p2/actions.jsonl,invert,early:left1>=left0*1.25,0,10,10,10,True,
20231117031214-errands-bn6-vs-IndianaOrz-round2-p2,data/dataset/20231117031214-errands-bn6-vs-IndianaOrz-round2-p2/actions.jsonl,invert,early:left1>=left0*1.25,0,10,10,10,True,
20240405025504-geddon-bn6-vs-BiohazrdMnSP-round3-p2,data/dataset/20240405025504-geddon-bn6-vs-BiohazrdMnSP-round3-p2/actions.jsonl,invert,early:left1>=left0*1.25,0,10,10,10,True,
20231023024733-timechamber-bn6-vs-BiohazrdMnSP-round1-p2,data/dataset/20231023024733-timechamber-bn6-vs-BiohazrdMnSP-round1-p2/actions.jsonl,invert,early:left1>=left0*1.25,0,10,10,10,True,
20231110030412-friedeggs-bn6-vs-BiohazrdMnSP-round1-p2,data/dataset/20231110030412-friedeggs-bn6-vs-BiohazrdMnSP-round1-p2/actions.jsonl,invert,early:left1>=left0*1.25,0,10,10,10,True,
20231103040445-aubreyisamonster-bn6-vs-BiohazrdMnSP-round2-p2,data/dataset/20231103040445-aubreyisamonster-bn6-vs-BiohazrdMnSP-round2-p2/actions.jsonl,invert,early:left1>=left0*1.25,0,10,10,10,True,
20231117041029-errands-bn6-vs-BiohazrdMnSP-round2-p2,data/dataset/20231117041029-errands-bn6-vs-BiohazrdMnSP-round2-p2/actions.jsonl,invert,early:left1>=left0*1.25,0,10,10,10,True,
20240322014725-zoezoe-bn6-vs-BiohazrdMnSP-round2-p2,data/dataset/20240322014725-zoezoe-bn6-vs-BiohazrdMnSP-round2-p2/actions.jsonl,invert,early:left1>=left0*1.25,0,10,10,10,True,
20240405030519-geddon-bn6-vs-BiohazrdMnSP-round2-p2,data/dataset/20240405030519-geddon-bn6-vs-BiohazrdMnSP-round2-p2/actions.jsonl,invert,early:left1>=left0*1.25,0,10,10,10,True,
20240315023319-brebre-bn6-vs-BiohazrdMnSP-round2-p2,data/dataset/20240315023319-brebre-bn6-vs-BiohazrdMnSP-round2-p2/actions.jsonl,invert,early:left1>=left0*1.25,0,10,10,10,True,
20240405013908-geddon-bn6-vs-BiohazrdMnSP-round1-p2,data/dataset/20240405013908-geddon-bn6-vs-BiohazrdMnSP-round1-p2/actions.jsonl,invert,early:left1>=left0*1.25,0,10,10,10,True,
20240322020328-zoezoe-bn6-vs-BiohazrdMnSP-round1-p2,data/dataset/20240322020328-zoezoe-bn6-vs-BiohazrdMnSP-round1-p2/actions.jsonl,invert,early:left1>=left0*1.25,0,10,10,10,True,
20240322025833-zoezoe-bn6-vs-BiohazrdMnSP-round1-p2,data/dataset/20240322025833-zoezoe-bn6-vs-BiohazrdMnSP-round1-p2/actions.jsonl,invert,early:left1>=left0*1.25,0,10,10,10,True,
20240329020110-bathtubbaby-bn6-vs-BiohazrdMnSP-round1-p2,data/dataset/20240329020110-bathtubbaby-bn6-vs-BiohazrdMnSP-round1-p2/actions.jsonl,invert,early:left1>=left0*1.25,0,10,10,10,True,
20240329024928-bathtubbaby-bn6-vs-BiohazrdMnSP-round2-p2,data/dataset/20240329024928-bathtubbaby-bn6-vs-BiohazrdMnSP-round2-p2/actions.jsonl,invert,early:left1>=left0*1.25,0,10,10,10,True,
